exercice,niveau,groupe_musculaire,materiel,zone_du_corps
Stability Ball Dead Bug,débutant,abdominaux,Stability Ball,sangle abdominale
Bodyweight Glute Bridge,débutant,fessiers,Bodyweight,bas du corps
Bodyweight Bird Dog,débutant,abdominaux,Bodyweight,sangle abdominale
Stability Ball Seated Russian Twist ,débutant,abdominaux,Stability Ball,sangle abdominale
Stability Ball Feet Elevated Crunch ,débutant,abdominaux,Stability Ball,sangle abdominale
Ring Hanging Knee Raise ,intermédiaire,abdominaux,anneaux de gymnastique,sangle abdominale
Parallette Mountain Climber,débutant,abdominaux,barres parallèles,sangle abdominale
Parallette Push Up,débutant,pectoraux,barres parallèles,haut du corps
Bodyweight Knee Hover Bird Dog,intermédiaire,abdominaux,Bodyweight,sangle abdominale
Stability Ball Pass,débutant,abdominaux,Stability Ball,sangle abdominale
Bodyweight Dead Bug,débutant,abdominaux,Bodyweight,sangle abdominale
Bodyweight Alternating Heel Taps,débutant,abdominaux,Bodyweight,sangle abdominale
Bodyweight Flutter Kicks,débutant,abdominaux,Bodyweight,sangle abdominale
Bodyweight Kneeling Plank,débutant,abdominaux,Bodyweight,sangle abdominale
Bodyweight Seated Ab Circles,débutant,abdominaux,Bodyweight,sangle abdominale
Stability Ball Stir The Pot,débutant,abdominaux,Stability Ball,sangle abdominale
Bodyweight Alternating Side Kick Through,intermédiaire,abdominaux,Bodyweight,sangle abdominale
Ring L Sit Hang Flutter Kicks ,intermédiaire,abdominaux,anneaux de gymnastique,sangle abdominale
Slam Ball Russian Twist,intermédiaire,abdominaux,slam ball,sangle abdominale
Dumbbell Otis Up,débutant,abdominaux,Dumbbell,sangle abdominale
Single Arm Dumbbell Side Plank Reach Through ,avancé,abdominaux,Dumbbell,sangle abdominale
Ab Wheel Kneeling Rollout,débutant,abdominaux,roue abdominale,sangle abdominale
Cable Seated Crunch,débutant,abdominaux,Cable,sangle abdominale
Cable Kneeling Crunch,débutant,abdominaux,Cable,sangle abdominale
Medicine Ball V-Up,débutant,abdominaux,medecine ball,sangle abdominale
Suspension Knee Tuck,débutant,abdominaux,sangles de suspension,sangle abdominale
Suspension Lateral Knee Tuck,intermédiaire,abdominaux,sangles de suspension,sangle abdominale
Bodyweight Push Up Alternating Kick Through,intermédiaire,pectoraux,Bodyweight,haut du corps
Single Arm Dumbbell Turkish Get Up,intermédiaire,abdominaux,Dumbbell,corps entier
Bodyweight Bear Crawl,débutant,abdominaux,Bodyweight,sangle abdominale
Stability Ball Knee Tuck,débutant,abdominaux,Stability Ball,sangle abdominale
Ring Hanging Leg Raise ,avancé,abdominaux,anneaux de gymnastique,sangle abdominale
Parallette L Sit,avancé,abdominaux,barres parallèles,sangle abdominale
Bodyweight Standing Walkout Plank,intermédiaire,abdominaux,Bodyweight,sangle abdominale
Bodyweight Standing Walkout Push-Up ,intermédiaire,pectoraux,Bodyweight,haut du corps
Barbell Climb,intermédiaire,abdominaux,Barbell,sangle abdominale
Bodyweight Ipsilateral Bird Dog,intermédiaire,abdominaux,Bodyweight,sangle abdominale
Bodyweight Copenhagen Plank Knee to Elbow,intermédiaire,adducteurs,Bodyweight,bas du corps
Ring Dead Hang,débutant,dos,anneaux de gymnastique,haut du corps
Suspension Archer Row ,débutant,épaules,sangles de suspension,haut du corps
Ring Eccentric Pull Up,débutant,dos,anneaux de gymnastique,haut du corps
Ring Pull Up,intermédiaire,dos,anneaux de gymnastique,haut du corps
Ring Eccentric Chin Up,débutant,biceps,anneaux de gymnastique,haut du corps
Miniband Fire Hydrant,débutant,fessiers,mini élastique,bas du corps
Medicine Ball Russian Twist,débutant,abdominaux,medecine ball,sangle abdominale
Bodyweight Side Plank,débutant,abdominaux,Bodyweight,sangle abdominale
Cable Reverse Ankle Strap Crunch,intermédiaire,abdominaux,Cable,sangle abdominale
Cable Half Kneeling High to Low Chop,intermédiaire,abdominaux,Cable,sangle abdominale
Cable Half Kneeling Low to High Chop,intermédiaire,abdominaux,Cable,sangle abdominale
Kettlebell Half Kneeling Low to High Chop,intermédiaire,abdominaux,Kettlebell,sangle abdominale
Single Arm Dumbbell Windmill,intermédiaire,abdominaux,Dumbbell,sangle abdominale
Single Arm Kettlebell Windmill,intermédiaire,abdominaux,Kettlebell,sangle abdominale
Kettlebell Russian Twist,débutant,abdominaux,Kettlebell,sangle abdominale
Bodyweight Feet On Wall Mountain Climber ,avancé,abdominaux,Bodyweight,sangle abdominale
Alternating Single Arm Kettlebell Plank Pull Through,intermédiaire,abdominaux,Kettlebell,sangle abdominale
Bodyweight Hollow Body Hold,intermédiaire,abdominaux,Bodyweight,sangle abdominale
Dumbbell Crush Grip Hollow Body Hold,intermédiaire,abdominaux,Dumbbell,sangle abdominale
Inverted Hanging Crunch,intermédiaire,abdominaux,Bodyweight,sangle abdominale
Single Arm Kettlebell Single Leg Standing Bent Knee Around The World ,intermédiaire,abdominaux,Kettlebell,sangle abdominale
Bodyweight Supine Alternating Single Leg Raise,débutant,abdominaux,Bodyweight,sangle abdominale
Bodyweight Supine Leg Raise,débutant,abdominaux,Bodyweight,sangle abdominale
Miniband Bicycle Crunch,débutant,abdominaux,mini élastique,sangle abdominale
Bodyweight Side Plank Reach Through,débutant,abdominaux,Bodyweight,sangle abdominale
Bodyweight Sit Up,débutant,abdominaux,Bodyweight,sangle abdominale
Bodyweight Butterfly Sit Up,intermédiaire,abdominaux,Bodyweight,sangle abdominale
Slider Mountain Climber,débutant,abdominaux,disques de glisse,sangle abdominale
Slider Pike ,avancé,abdominaux,disques de glisse,sangle abdominale
Stability Ball Pike,avancé,abdominaux,Stability Ball,sangle abdominale
Slider Wide Mountain Climber,intermédiaire,abdominaux,disques de glisse,sangle abdominale
Stability Ball Crunch,débutant,abdominaux,Stability Ball,sangle abdominale
Stability Ball Feet Elevated Oblique Crunch,débutant,abdominaux,Stability Ball,sangle abdominale
Stability Ball Kneeling Rollout,débutant,abdominaux,Stability Ball,sangle abdominale
Stability Ball Single Leg Knee Tuck,avancé,abdominaux,Stability Ball,sangle abdominale
Stability Ball Single Leg Pike,intermédiaire,abdominaux,Stability Ball,sangle abdominale
Parallette Kneeling Push Up,débutant,pectoraux,barres parallèles,haut du corps
Single Arm Kettlebell Swing,débutant,fessiers,Kettlebell,corps entier
Double Dumbbell Romanian Deadlift,débutant,ischio-jambiers,Dumbbell,bas du corps
Single Arm Dumbbell Side Plank,intermédiaire,abdominaux,Dumbbell,sangle abdominale
Bodyweight Single Leg Glute Bridge,débutant,fessiers,Bodyweight,bas du corps
Dumbbell Glute Bridge,débutant,fessiers,Dumbbell,bas du corps
Bodyweight Glute Bridge Alternating Single Leg Extension,débutant,fessiers,Bodyweight,bas du corps
Miniband Side Lying Clamshell,débutant,fessiers,mini élastique,bas du corps
Miniband Side Lying Hip Abduction,débutant,abducteurs,mini élastique,bas du corps
Miniband Bench Seated Hip Abduction,débutant,abducteurs,mini élastique,bas du corps
Miniband Glute Bridge With Hip Abduction,débutant,fessiers,mini élastique,bas du corps
Stability Ball Hip Thrust,débutant,fessiers,Stability Ball,bas du corps
Stability Ball Dumbbell Hip Thrust,débutant,fessiers,Stability Ball,bas du corps
Bodyweight Frog Pump,débutant,fessiers,Bodyweight,bas du corps
Dumbbell Frog Pump,débutant,fessiers,Dumbbell,bas du corps
Cable Glute Kickback,débutant,fessiers,Cable,bas du corps
Bodyweight Single Leg Foot Elevated Glute Bridge,débutant,fessiers,Bodyweight,bas du corps
Suspension Glute Bridge,débutant,fessiers,sangles de suspension,bas du corps
Miniband Thigh Lateral Walk,débutant,abducteurs,mini élastique,bas du corps
Miniband Shin Lateral Walk,débutant,abducteurs,mini élastique,bas du corps
Miniband Feet Lateral Walk,intermédiaire,abducteurs,mini élastique,bas du corps
Miniband Standing Glute Kickback,débutant,fessiers,mini élastique,bas du corps
Barbell Hip Thrust,débutant,fessiers,Barbell,bas du corps
Barbell Single Leg Hip Thrust,intermédiaire,fessiers,Barbell,bas du corps
Stability Ball Single Leg Foot Elevated Glute Bridge,intermédiaire,fessiers,Stability Ball,bas du corps
Miniband Standing Hip Abduction,débutant,abducteurs,mini élastique,bas du corps
Miniband 3-Way Cha Cha,débutant,abducteurs,mini élastique,bas du corps
Barbell Standing Calf Raise,intermédiaire,mollets,Barbell,bas du corps
Cable Hip Abduction,débutant,abducteurs,Cable,bas du corps
Miniband Wall Sit Hip Abduction,débutant,quadriceps,mini élastique,bas du corps
Stability Ball T's Y's I's ,débutant,épaules,Stability Ball,haut du corps
Resistance Band Reverse Fly,débutant,épaules,Resistance Band,haut du corps
Resistance Band Lateral Raise,débutant,épaules,Resistance Band,haut du corps
Double Dumbbell Lateral Raise,débutant,épaules,Dumbbell,haut du corps
Single Arm Resistance Band Standing Shoulder External Rotation,débutant,épaules,Resistance Band,haut du corps
Double Dumbbell Seated Lateral Raise,débutant,épaules,Dumbbell,haut du corps
Bodyweight Pike Push Up,intermédiaire,épaules,Bodyweight,haut du corps
Single Arm Dumbbell Side Lying Shoulder External Rotation,débutant,épaules,Dumbbell,haut du corps
Single Arm Dumbbell Seated Shoulder External Rotation,débutant,épaules,Dumbbell,haut du corps
Miniband Standing Shoulder External Rotation,débutant,épaules,mini élastique,haut du corps
Double Dumbbell Seated Cuban Rotation,débutant,épaules,Dumbbell,haut du corps
Double Dumbbell Standing Cuban Rotation,débutant,épaules,Dumbbell,haut du corps
Single Arm Cable Half Kneeling Shoulder External Rotation 90 Degrees,débutant,épaules,Cable,haut du corps
Single Arm Dumbbell Side Lying Shoulder Internal Rotation,débutant,épaules,Dumbbell,haut du corps
Parallette Feet Elevated Pike Push Up ,intermédiaire,épaules,barres parallèles,haut du corps
Barbell Thruster,intermédiaire,épaules,Barbell,corps entier
Barbell Sots Press,intermédiaire,épaules,Barbell,haut du corps
Double Dumbbell Z Press,intermédiaire,épaules,Dumbbell,haut du corps
Single Arm Dumbbell Z Press,intermédiaire,épaules,Dumbbell,haut du corps
Stability Ball Dumbbell Arnold Press,débutant,épaules,Stability Ball,haut du corps
Single Arm Dumbbell Half Kneeling Overhead Press,débutant,épaules,Dumbbell,haut du corps
Single Arm Cable Lateral Raise,débutant,épaules,Cable,haut du corps
Double Dumbbell Thruster,débutant,épaules,Dumbbell,corps entier
Single Arm Dumbbell Thruster,débutant,épaules,Dumbbell,corps entier
Parallette Handstand Push Up,avancé,épaules,barres parallèles,haut du corps
Double Dumbbell Seated Overhead Press,débutant,épaules,Dumbbell,haut du corps
Double Dumbbell Overhead Press,débutant,épaules,Dumbbell,haut du corps
Single Arm Dumbbell Overhead Carry,intermédiaire,épaules,Dumbbell,corps entier
Bodyweight Freestanding Handstand Push Up,avancé,épaules,Bodyweight,haut du corps
Barbell Shrug,débutant,trapèzes,Barbell,haut du corps
Double Dumbbell Shrug,débutant,trapèzes,Dumbbell,haut du corps
Cable Standing Face Pull,débutant,épaules,Cable,haut du corps
Cable Seated Face Pull,débutant,épaules,Cable,haut du corps
Double Dumbbell Standing Scaption,débutant,épaules,Dumbbell,haut du corps
Double Dumbbell Seated Scaption,débutant,épaules,Dumbbell,haut du corps
Stability Ball Dumbbell Seated Scaption,débutant,épaules,Stability Ball,haut du corps
Cable Standing Knee Strap Hip External Rotation (90 Degrees),débutant,fessiers,Cable,bas du corps
Cable Hip External Rotation,débutant,fessiers,Cable,bas du corps
Double Dumbbell Bicep Curl,débutant,biceps,Dumbbell,haut du corps
Alternating Double Dumbbell Bicep Curl,débutant,biceps,Dumbbell,haut du corps
Alternating Double Dumbbell Hammer Curl,débutant,biceps,Dumbbell,haut du corps
Alternating Double Dumbbell Cross Body Hammer Curl,débutant,biceps,Dumbbell,haut du corps
Cable Guillotine Curl,débutant,biceps,Cable,haut du corps
Cable Supine Bicep Curl,débutant,biceps,Cable,haut du corps
Single Arm Dumbbell Incline Bench Preacher Curl,débutant,biceps,Dumbbell,haut du corps
Dumbbell Crush Grip Bicep Curl,débutant,biceps,Dumbbell,haut du corps
Double Dumbbell Zottman Curl,débutant,biceps,Dumbbell,haut du corps
Dumbbell Waiter Curl,débutant,biceps,Dumbbell,haut du corps
High Cable Straight Bar Bicep Curl,débutant,biceps,Cable,haut du corps
Cable Straight Bar Drag Curl,débutant,biceps,Cable,haut du corps
Double Dumbbell Spider Curl,débutant,biceps,Dumbbell,haut du corps
EZ Bar Spider Curl,débutant,biceps,barre EZ,haut du corps
Parallette Side Plank,intermédiaire,abdominaux,barres parallèles,sangle abdominale
Parallette Feet Elevated Push Up,intermédiaire,pectoraux,barres parallèles,haut du corps
Parallette Plank Single Arm Dumbbell Row,intermédiaire,dos,barres parallèles,haut du corps
Stability Ball Cable Preacher Curl,débutant,biceps,Stability Ball,haut du corps
Single Arm Dumbbell Standing Concentration Curl,débutant,biceps,Dumbbell,haut du corps
Reverse Barbell Curl,débutant,avant-bras,Barbell,haut du corps
EZ Bar Standing Bicep Curl,débutant,biceps,barre EZ,haut du corps
Cable Rope Hammer Curl,débutant,biceps,Cable,haut du corps
Single Arm Cable Standing High Bicep Curl,débutant,biceps,Cable,haut du corps
Suspension Bicep Curl,débutant,biceps,sangles de suspension,haut du corps
Double Dumbbell Standing Tricep Kickback,débutant,triceps,Dumbbell,haut du corps
EZ Bar Seated Overhead Tricep Extension,débutant,triceps,barre EZ,haut du corps
EZ Bar Standing Overhead Tricep Extension,débutant,triceps,barre EZ,haut du corps
Dumbbell Seated Overhead Tricep Extension,débutant,triceps,Dumbbell,haut du corps
Dumbbell Standing Overhead Tricep Extension,débutant,triceps,Dumbbell,haut du corps
Bodyweight Diamond Push Up,débutant,triceps,Bodyweight,haut du corps
Double Dumbbell Close Grip Floor Chest Press,débutant,triceps,Dumbbell,haut du corps
Double Dumbbell Close Grip Bench Press,débutant,triceps,Dumbbell,haut du corps
Double Dumbbell Close Grip Incline Bench Press,débutant,triceps,Dumbbell,haut du corps
EZ Bar Lying Tricep Extension ,débutant,triceps,barre EZ,haut du corps
Stability Ball Feet Elevated Diamond Push Up,débutant,triceps,Stability Ball,haut du corps
Bodyweight Tricep Extension,intermédiaire,triceps,Bodyweight,haut du corps
Cable Rope Standing Overhead Tricep Extension,débutant,triceps,Cable,haut du corps
Cable Rope Standing Tricep Pushdown ,débutant,triceps,Cable,haut du corps
Ring Dips,avancé,triceps,anneaux de gymnastique,haut du corps
Single Arm Cable Reverse Tricep Pulldown,débutant,triceps,Cable,haut du corps
Double Dumbbell Suitcase Carry,débutant,avant-bras,Dumbbell,corps entier
Barbell Seated Wrist Curl,intermédiaire,avant-bras,Barbell,haut du corps
EZ Bar Reverse Grip Bicep Curl,débutant,avant-bras,barre EZ,haut du corps
Bodyweight Incline Push Up,débutant,pectoraux,Bodyweight,haut du corps
Bodyweight Kneeling Push Up,débutant,pectoraux,Bodyweight,haut du corps
Suspension Chest Press,débutant,pectoraux,sangles de suspension,haut du corps
Suspension Chest Fly,débutant,pectoraux,sangles de suspension,haut du corps
Double Dumbbell Glute Bridge Chest Press,débutant,pectoraux,Dumbbell,corps entier
Stability Ball Single Arm Dumbbell Chest Press,débutant,pectoraux,Dumbbell,haut du corps
Stability Ball Double Dumbbell Chest Fly,débutant,pectoraux,Stability Ball,haut du corps
Bodyweight Burpee,intermédiaire,pectoraux,Bodyweight,corps entier
Double Dumbbell Devil Press,avancé,épaules,Dumbbell,corps entier
Alternating Single Arm Dumbbell Devil Press,avancé,épaules,Dumbbell,corps entier
Single Arm Dumbbell Hollow Body Chest Press,intermédiaire,pectoraux,Dumbbell,haut du corps
Bodyweight Plyometric Push Up On Weight Plates,intermédiaire,pectoraux,Bodyweight,haut du corps
Stability Ball Dumbbell Pullover ,débutant,pectoraux,Stability Ball,haut du corps
Double Dumbbell Incline Bench Chest Fly,débutant,pectoraux,Dumbbell,haut du corps
Bodyweight Single Arm Push Up,avancé,pectoraux,Bodyweight,haut du corps
Bodyweight Aztec Push Up,avancé,pectoraux,Bodyweight,haut du corps
Single Arm Ring Grip Push Up,avancé,pectoraux,anneaux de gymnastique,haut du corps
Bodyweight Rolling Squat Burpee,avancé,pectoraux,Bodyweight,corps entier
Ring Grip Push Up,intermédiaire,pectoraux,anneaux de gymnastique,haut du corps
Suspension Low Row,débutant,dos,sangles de suspension,haut du corps
Suspension Mid Row,débutant,dos,sangles de suspension,haut du corps
Suspension Face Pull,débutant,épaules,sangles de suspension,haut du corps
Cable Seated V Grip Low Row,débutant,dos,Cable,haut du corps
Landmine V Grip Row,débutant,dos,landmine,haut du corps
Single Arm Landmine Row,débutant,dos,landmine,haut du corps
Single Arm Kettlebell Bent Over Row,débutant,dos,Kettlebell,haut du corps
Double Kettlebell Gorilla Row,débutant,dos,Kettlebell,haut du corps
Superband Assisted Wide Grip Pull Up,débutant,dos,super élastique,haut du corps
Resistance Band Half Kneeling Face Pull,débutant,épaules,Resistance Band,haut du corps
Single Arm Dumbbell Single Leg Contralateral Bent Over Row,intermédiaire,dos,Dumbbell,haut du corps
Stability Ball Prone Cobra,débutant,dos,Stability Ball,haut du corps
Bodyweight Prone Cobra,débutant,dos,Bodyweight,haut du corps
Double Dumbbell Pendlay Row,débutant,dos,Dumbbell,haut du corps
Double Dumbbell Single Leg Row,intermédiaire,dos,Dumbbell,haut du corps
Cable Straight Bar Pullover,débutant,dos,Cable,haut du corps
Single Arm Dumbbell Bird Dog Row,intermédiaire,dos,Dumbbell,haut du corps
Single Arm Cable Half Kneeling Lat Pulldown,débutant,dos,Cable,haut du corps
Single Arm Cable Half Kneeling Low Row,débutant,dos,Cable,haut du corps
Single Arm Suspension Low Row,débutant,dos,sangles de suspension,haut du corps
Single Arm Dumbbell Suitcase Deadlift,débutant,dos,Dumbbell,corps entier
Single Arm Kettlebell Suitcase Deadlift,débutant,dos,Kettlebell,corps entier
Double Dumbbell Incline Bench Prone Row,débutant,dos,Dumbbell,haut du corps
Ring Archer Pull Up,avancé,dos,anneaux de gymnastique,haut du corps
Double Dumbbell Renegade Row ,intermédiaire,dos,Dumbbell,haut du corps
Barbell Conventional Deadlift,débutant,dos,Barbell,corps entier
Barbell Sumo Deadlift,débutant,dos,Barbell,corps entier
Barbell Rack Pull,débutant,dos,Barbell,
Barbell Snatch Grip Deadlift,intermédiaire,dos,Barbell,corps entier
Barbell Pendlay Row,débutant,dos,Barbell,haut du corps
Stability Ball Hyperextension,débutant,dos,Stability Ball,
Barbell Seated Good Morning ,intermédiaire,dos,Barbell,
Barbell Good Morning,intermédiaire,dos,Barbell,
Bodyweight Wall Sit ,débutant,quadriceps,Bodyweight,bas du corps
Stability Ball Wall Slide Squat,débutant,quadriceps,Stability Ball,bas du corps
Suspension Squat,débutant,quadriceps,sangles de suspension,bas du corps
Suspension Alternating Reverse Lunge,débutant,quadriceps,sangles de suspension,bas du corps
Bodyweight Squat to Bench,débutant,quadriceps,Bodyweight,bas du corps
Bodyweight Squat,débutant,quadriceps,Bodyweight,bas du corps
Bodyweight Hand Assisted Split Squat,débutant,quadriceps,Bodyweight,bas du corps
Bodyweight Walking Lunge,débutant,quadriceps,Bodyweight,bas du corps
Dumbbell Goblet Squat ,débutant,quadriceps,Dumbbell,bas du corps
Miniband Romanian Deadlift,débutant,ischio-jambiers,mini élastique,bas du corps
Superband Resisted Skater Jump,débutant,abducteurs,super élastique,bas du corps
Cable Prone Single Leg Hamstring Curl,débutant,ischio-jambiers,Cable,bas du corps
Bodyweight Candlestick Roll Up Tuck Jump,intermédiaire,fessiers,Bodyweight,
Barbell Bench Press,débutant,pectoraux,Barbell,haut du corps
Barbell Bicep Curl,débutant,biceps,Barbell,haut du corps
Barbell Block Pull Deadlift,débutant,dos,Barbell,corps entier
Barbell Box Pause Back Squat,débutant,quadriceps,Barbell,bas du corps
Barbell Deficit Deadlift,intermédiaire,dos,Barbell,corps entier
Barbell Front Squat,intermédiaire,quadriceps,Barbell,bas du corps
Barbell Glute Bridge,débutant,fessiers,Barbell,bas du corps
Barbell Halting Deadlift,débutant,dos,Barbell,corps entier
Barbell High Bar Back Squat,débutant,quadriceps,Barbell,bas du corps
Barbell Low Bar Back Squat,intermédiaire,quadriceps,Barbell,bas du corps
Barbell Overhead Press,débutant,épaules,Barbell,haut du corps
Barbell Power Clean,intermédiaire,fessiers,Barbell,corps entier
Barbell Power Snatch,intermédiaire,fessiers,Barbell,corps entier
Barbell Push Press,débutant,épaules,Barbell,haut du corps
Barbell Romanian Deadlift,débutant,ischio-jambiers,Barbell,bas du corps
Barbell Row,débutant,dos,Barbell,haut du corps
Barbell Back Rack Split Squat,débutant,quadriceps,Barbell,bas du corps
Barbell Stiff Legged Deadlift,débutant,ischio-jambiers,Barbell,bas du corps
Barbell Sumo Squat,débutant,fessiers,Barbell,bas du corps
Bodyweight Pistol Squat,intermédiaire,quadriceps,Bodyweight,bas du corps
Bodyweight Skater Squat,intermédiaire,quadriceps,Bodyweight,bas du corps
Cable Pull Through,débutant,fessiers,Cable,bas du corps
Double Dumbbell Suitcase Bulgarian Split Squat,intermédiaire,quadriceps,Dumbbell,bas du corps
Double Dumbbell Suitcase Box Step Up,débutant,quadriceps,Dumbbell,bas du corps
Double Dumbbell Suitcase Deficit Split Squat,débutant,quadriceps,Dumbbell,bas du corps
Double Dumbbell Suitcase Alternating Forward Lunge,débutant,quadriceps,Dumbbell,bas du corps
Double Dumbbell Suitcase Alternating Reverse Lunge,débutant,quadriceps,Dumbbell,bas du corps
Double Dumbbell Seated Reverse Fly,débutant,épaules,Dumbbell,haut du corps
Double Dumbbell Suitcase Split Squat,débutant,quadriceps,Dumbbell,bas du corps
Double Dumbbell Front Rack Alternating Box Step Up,débutant,quadriceps,Dumbbell,bas du corps
Bodyweight Face the Wall Squat,débutant,quadriceps,Bodyweight,bas du corps
Bodyweight Feet Elevated Glute Bridge,débutant,fessiers,Bodyweight,bas du corps
Single Arm Kettlebell Clean,intermédiaire,fessiers,Kettlebell,corps entier
Single Arm Kettlebell Clean to Overhead Press,intermédiaire,épaules,Kettlebell,corps entier
Kettlebell Alternating Halo,débutant,épaules,Kettlebell,haut du corps
Single Arm Kettlebell Overhead Press,débutant,épaules,Kettlebell,haut du corps
Single Arm Kettlebell Snatch,intermédiaire,épaules,Kettlebell,corps entier
Kettlebell Sumo Deadlift,débutant,dos,Kettlebell,corps entier
Single Arm Kettlebell Turkish Get Up,intermédiaire,abdominaux,Kettlebell,corps entier
Miniband Monster Walk,débutant,abducteurs,mini élastique,bas du corps
Bodyweight Quadruped Hip Extension,débutant,fessiers,Bodyweight,bas du corps
Suspension Pistol Squat,intermédiaire,quadriceps,sangles de suspension,bas du corps
Suspension Skater Squat,débutant,quadriceps,sangles de suspension,bas du corps
Bodyweight Tuck Jump,débutant,quadriceps,Bodyweight,bas du corps
Bodyweight Alternating Single Leg Wall Sit,débutant,quadriceps,Bodyweight,bas du corps
Bodyweight Single Leg Romanian Deadlift Jump,intermédiaire,ischio-jambiers,Bodyweight,bas du corps
Double Dumbbell Overhead Walking Lunge,intermédiaire,quadriceps,Dumbbell,bas du corps
Stability Ball Overhead Walking Lunge,débutant,quadriceps,Stability Ball,bas du corps
Bodyweight Leg Extension,débutant,quadriceps,Bodyweight,bas du corps
Bodyweight Lateral Bench Jump,débutant,fessiers,Bodyweight,bas du corps
Single Arm Dumbbell Front Rack Squat,débutant,quadriceps,Dumbbell,bas du corps
Bodyweight Skater Jump,débutant,abducteurs,Bodyweight,bas du corps
Slider Single Arm Dumbbell Front Rack Reverse Lunge,intermédiaire,quadriceps,disques de glisse,bas du corps
Cable Prone Hamstring Curl,débutant,ischio-jambiers,Cable,bas du corps
Bodyweight Bulgarian Split Squat Jumps,intermédiaire,quadriceps,Bodyweight,bas du corps
Cable Standing Single Leg Hamstring Curl,débutant,ischio-jambiers,Cable,bas du corps
Bodyweight Nordic Hamstring Curl,avancé,ischio-jambiers,Bodyweight,bas du corps
Superband Assisted Pistol Squat,intermédiaire,quadriceps,super élastique,bas du corps
Kettlebell Goblet Squat,débutant,quadriceps,Kettlebell,bas du corps
Double Dumbbell Front Rack Squat,débutant,quadriceps,Dumbbell,bas du corps
Double Dumbbell Suitcase Walking Lunge,débutant,quadriceps,Dumbbell,bas du corps
Barbell Back Rack Walking Lunge,intermédiaire,quadriceps,Barbell,bas du corps
Bodyweight Box Pistol Squat,débutant,quadriceps,Bodyweight,bas du corps
Barbell Overhead Squat,intermédiaire,quadriceps,Barbell,bas du corps
Single Arm Kettlebell Overhead Squat,intermédiaire,quadriceps,Kettlebell,bas du corps
Landmine Goblet Squat,débutant,quadriceps,landmine,bas du corps
Stability Ball Hamstring Curl,débutant,ischio-jambiers,Stability Ball,bas du corps
Slider Hamstring Curl,débutant,ischio-jambiers,disques de glisse,bas du corps
Bodyweight Hamstring Walkout ,débutant,ischio-jambiers,Bodyweight,bas du corps
Slider Dumbbell Goblet Reverse Lunge,débutant,quadriceps,disques de glisse,bas du corps
Bodyweight Dragon Pistol Squat,intermédiaire,quadriceps,Bodyweight,bas du corps
Single Arm Dumbbell Front Rack Cossack Squat to Overhead Press,intermédiaire,épaules,Dumbbell,corps entier
Stability Ball Single Leg Hamstring Curl,intermédiaire,ischio-jambiers,Stability Ball,bas du corps
Barbell Single Leg Romanian Deadlift,intermédiaire,ischio-jambiers,Barbell,bas du corps
Double Dumbbell Suitcase Lateral Lunge,débutant,quadriceps,Dumbbell,bas du corps
Barbell Frankenstein Walking Lunge,intermédiaire,quadriceps,Barbell,bas du corps
Barbell Overhead Walking Lunge,intermédiaire,quadriceps,Barbell,bas du corps
Barbell Squat Clean,intermédiaire,quadriceps,Barbell,corps entier
Landmine Clean and Jerk,intermédiaire,épaules,landmine,corps entier
Landmine Hack Squat,intermédiaire,quadriceps,landmine,bas du corps
Single Arm Landmine Shoulder Press,intermédiaire,épaules,landmine,haut du corps
Alternating Single Arm Landmine Shoulder Press,intermédiaire,épaules,landmine,haut du corps
Single Arm Landmine Half Kneeling Shoulder Press,intermédiaire,épaules,landmine,haut du corps
Single Arm Landmine Tall Kneeling Shoulder Press,intermédiaire,épaules,landmine,haut du corps
Single Arm Landmine Meadows Row,débutant,dos,landmine,haut du corps
Single Arm Landmine Z Press,intermédiaire,épaules,landmine,haut du corps
Barbell Z Press,intermédiaire,épaules,Barbell,haut du corps
Landmine Half Kneeling Oblique Twist ,intermédiaire,abdominaux,landmine,sangle abdominale
Cable Seated Bicep Curl,débutant,biceps,Cable,haut du corps
Single Arm Dumbbell Seated Concentration Curl,débutant,biceps,Dumbbell,haut du corps
Alternating Double Dumbbell Incline Bench Bicep Curl,débutant,biceps,Dumbbell,haut du corps
Single Arm Suspension Bicep Curl,intermédiaire,biceps,sangles de suspension,haut du corps
Stability Ball Single Arm Plank,intermédiaire,abdominaux,Stability Ball,sangle abdominale
Stability Ball Feet Elevated Single Arm Plank,intermédiaire,abdominaux,Stability Ball,sangle abdominale
Landmine Zercher Skater Squat,intermédiaire,quadriceps,landmine,bas du corps
Landmine Reverse Lunge to Single Arm Shoulder Press,intermédiaire,épaules,landmine,corps entier
Landmine Thruster,débutant,épaules,landmine,corps entier
Landmine Romanian Deadlift,débutant,ischio-jambiers,landmine,bas du corps
Landmine Single Leg Romanian Deadlift,intermédiaire,ischio-jambiers,landmine,bas du corps
Landmine Tall Kneeling Oblique Twist,intermédiaire,abdominaux,landmine,sangle abdominale
Landmine Russian Twist,intermédiaire,abdominaux,landmine,sangle abdominale
Single Arm Landmine Thruster,intermédiaire,épaules,landmine,corps entier
Landmine Calf Raise,débutant,mollets,landmine,bas du corps
Cable Tall Kneeling Overhead Tricep Extension ,débutant,triceps,Cable,haut du corps
Cable Rope Skullcrusher,débutant,triceps,Cable,haut du corps
Barbell Power Clean to Overhead Press,intermédiaire,épaules,Barbell,corps entier
Single Arm Dumbbell Seated Cuban Press,débutant,épaules,Dumbbell,haut du corps
Landmine Zercher Curtsy Lunge,intermédiaire,quadriceps,landmine,bas du corps
Barbell Back Rack Alternating Cossack Squat,intermédiaire,quadriceps,Barbell,bas du corps
Barbell Front Rack Alternating Cossack Squat,intermédiaire,quadriceps,Barbell,bas du corps
Kettlebell Goblet Alternating Cossack Squat,débutant,quadriceps,Kettlebell,bas du corps
Dumbbell Goblet Alternating Cossack Squat,débutant,quadriceps,Dumbbell,bas du corps
Bodyweight Alternating Cossack Squat,débutant,quadriceps,Bodyweight,bas du corps
Bodyweight Knee Over Toes Split Squat ,débutant,quadriceps,Bodyweight,bas du corps
Barbell Back Rack Knee Over Toes Split Squat,intermédiaire,quadriceps,Barbell,bas du corps
Barbell Front Rack Knee Over Toes Split Squat,intermédiaire,quadriceps,Barbell,bas du corps
Single Arm Barbell Overhead Press,intermédiaire,épaules,Barbell,haut du corps
Slider Knee Tuck,débutant,abdominaux,disques de glisse,sangle abdominale
Bodyweight Wall Facing Handstand,débutant,épaules,Bodyweight,haut du corps
Bodyweight Freestanding Handstand ,avancé,épaules,Bodyweight,haut du corps
Suspension Atomic Push Up,intermédiaire,pectoraux,sangles de suspension,haut du corps
Suspension Pike,intermédiaire,abdominaux,sangles de suspension,sangle abdominale
Suspension Side Plank Reach Through,avancé,abdominaux,sangles de suspension,sangle abdominale
Bodyweight Cocoon Crunch,intermédiaire,abdominaux,Bodyweight,sangle abdominale
Ab Wheel Standing Rollout,intermédiaire,abdominaux,roue abdominale,sangle abdominale
Cable Fire Hydrant,débutant,fessiers,Cable,bas du corps
Cable Tall Kneeling Pull Through,débutant,fessiers,Cable,bas du corps
Stability Ball Bent Knee Reverse Hyperextension,débutant,fessiers,Stability Ball,bas du corps
Bodyweight Bent Knee Reverse Hyperextension on Bench,débutant,fessiers,Bodyweight,bas du corps
Parallette Tuck L Sit,intermédiaire,abdominaux,barres parallèles,sangle abdominale
Parallette Close Grip Push Up,intermédiaire,triceps,barres parallèles,haut du corps
Parallette Single Leg L Sit,intermédiaire,abdominaux,barres parallèles,sangle abdominale
Stability Ball Windshield Wiper,débutant,abdominaux,Stability Ball,sangle abdominale
Stability Ball Tall Kneeling Balance,intermédiaire,abdominaux,Stability Ball,sangle abdominale
Stability Ball Oblique Crunch ,débutant,abdominaux,Stability Ball,sangle abdominale
Stability Ball Elbow Plank,débutant,abdominaux,Stability Ball,sangle abdominale
Double Kettlebell Feet Elevated Push Up,intermédiaire,pectoraux,Kettlebell,haut du corps
Single Arm Kettlebell Turkish Sit Up,intermédiaire,abdominaux,Kettlebell,sangle abdominale
Single Arm Dumbbell Turkish Sit Up,intermédiaire,abdominaux,Dumbbell,sangle abdominale
Single Arm Landmine Turkish Sit Up,intermédiaire,abdominaux,landmine,sangle abdominale
Double Kettlebell Turkish Sit Up,intermédiaire,abdominaux,Kettlebell,sangle abdominale
Double Dumbbell Turkish Sit Up,intermédiaire,abdominaux,Dumbbell,sangle abdominale
Double Kettlebell Turkish Sit Up to Z Press,intermédiaire,abdominaux,Kettlebell,sangle abdominale
Double Kettlebell Front Rack Alternating Cossack Squat,débutant,quadriceps,Kettlebell,bas du corps
Double Dumbbell Front Rack Alternating Cossack Squat,débutant,quadriceps,Dumbbell,bas du corps
Double Kettlebell Swing,intermédiaire,fessiers,Kettlebell,corps entier
Double Kettlebell Front Rack Squat,débutant,quadriceps,Kettlebell,bas du corps
Single Arm Kettlebell Front Rack Squat,débutant,quadriceps,Kettlebell,bas du corps
Single Arm Kettlebell Front Rack Contralateral Split Squat,débutant,quadriceps,Kettlebell,bas du corps
Single Arm Kettlebell Front Rack Carry,débutant,abdominaux,Kettlebell,corps entier
Single Arm Kettlebell Front Rack Alternating Cossack Squat,débutant,quadriceps,Kettlebell,bas du corps
Single Arm Kettlebell Squat Clean,intermédiaire,fessiers,Kettlebell,corps entier
Bodyweight Archer Push Up,intermédiaire,pectoraux,Bodyweight,haut du corps
Parallette Archer Push Up,intermédiaire,pectoraux,barres parallèles,haut du corps
Parallette Wide Push Up,débutant,pectoraux,barres parallèles,haut du corps
Double Dumbbell Suitcase Knee Over Toes Split Squat,débutant,quadriceps,Dumbbell,bas du corps
Alternating Double Dumbbell Front Raise,débutant,épaules,Dumbbell,haut du corps
Barbell Front Raise,débutant,épaules,Barbell,haut du corps
Single Arm Cable Front Raise,débutant,épaules,Cable,haut du corps
Cable Straight Bar Front Raise,débutant,épaules,Cable,haut du corps
Cable Half Kneeling Pallof Press,débutant,abdominaux,Cable,sangle abdominale
Kettlebell Bottoms Up Horn Grip Standing Bicep Curl,débutant,biceps,Kettlebell,haut du corps
Single Arm Kettlebell Bottoms Up Front Rack Carry,intermédiaire,abdominaux,Kettlebell,corps entier
Double Kettlebell Bottoms Up Front Rack Carry,intermédiaire,abdominaux,Kettlebell,corps entier
Single Arm Kettlebell Bottoms Up Front Rack Walking Lunge,intermédiaire,quadriceps,Kettlebell,bas du corps
Single Arm Kettlebell Bottoms Up Half Kneeling Contralateral Overhead Press,intermédiaire,épaules,Kettlebell,haut du corps
Barbell Kneeling Rollout,intermédiaire,abdominaux,Barbell,sangle abdominale
Barbell Close Grip Bench Press,débutant,triceps,Barbell,haut du corps
Single Arm Suspension Chest Press,intermédiaire,pectoraux,sangles de suspension,haut du corps
Cable Tall Kneeling Pallof Press,débutant,abdominaux,Cable,sangle abdominale
Single Arm Cable Bicep Curl,débutant,biceps,Cable,haut du corps
Single Arm Cable Shotgun Row,débutant,dos,Cable,haut du corps
Barbell Hang Power Clean,intermédiaire,fessiers,Barbell,corps entier
Landmine Goblet Alternating Cossack Squat,intermédiaire,quadriceps,landmine,bas du corps
Landmine Low Hold Alternating Cossack Squat,intermédiaire,quadriceps,landmine,bas du corps
Ring Shoulder Stand,intermédiaire,épaules,anneaux de gymnastique,haut du corps
Ring Strap Handstand,intermédiaire,épaules,anneaux de gymnastique,haut du corps
Ring Handstand,intermédiaire,épaules,anneaux de gymnastique,haut du corps
Bodyweight Pike Headstand Push Up,intermédiaire,épaules,Bodyweight,haut du corps
Ring Bulgarian Handstand Push Up,avancé,épaules,anneaux de gymnastique,haut du corps
Ring Strap Handstand Push Up,intermédiaire,épaules,anneaux de gymnastique,haut du corps
Ring Freestanding Handstand Push Up,avancé,épaules,anneaux de gymnastique,haut du corps
Bodyweight Bent Arm Press Handstand,avancé,épaules,Bodyweight,haut du corps
Parallette L Sit to Bent Arm Press Handstand,avancé,épaules,barres parallèles,haut du corps
Ring Bent Arm Bent Body Press Handstand,avancé,épaules,anneaux de gymnastique,haut du corps
Bodyweight Wall Eccentric Straddle Press Handstand,avancé,épaules,Bodyweight,haut du corps
Parallette L Sit to Straddle Press Handstand,intermédiaire,épaules,barres parallèles,haut du corps
Parallette L Sit to Pike Press Handstand,intermédiaire,épaules,barres parallèles,haut du corps
Bodyweight Tuck L Sit,avancé,abdominaux,Bodyweight,sangle abdominale
Parallette Straddle L Sit,avancé,abdominaux,barres parallèles,sangle abdominale
Ring Skin The Cat,intermédiaire,épaules,anneaux de gymnastique,haut du corps
Bodyweight Manna ,avancé,abdominaux,Bodyweight,
Ring Tuck Back Lever,avancé,abdominaux,anneaux de gymnastique,
Ring Advanced Tuck Back Lever,avancé,abdominaux,anneaux de gymnastique,
Ring Straddle Back Lever,intermédiaire,abdominaux,anneaux de gymnastique,
Ring Full Back Lever,intermédiaire,abdominaux,anneaux de gymnastique,
Ring Back Lever Pullout,avancé,abdominaux,anneaux de gymnastique,haut du corps
Ring German Hang Pullout,avancé,abdominaux,anneaux de gymnastique,haut du corps
Ring Tuck Front Lever,avancé,abdominaux,anneaux de gymnastique,
Ring Advanced Tuck Front Lever,avancé,abdominaux,anneaux de gymnastique,
Ring Straddle Front Lever,avancé,abdominaux,anneaux de gymnastique,
Ring Full Front Lever,intermédiaire,abdominaux,anneaux de gymnastique,
Ring Inverted Hang,avancé,abdominaux,anneaux de gymnastique,
Single Arm Barbell Kneeling Rollout,intermédiaire,abdominaux,Barbell,sangle abdominale
Ring Tuck Front Lever Pull Up,intermédiaire,dos,anneaux de gymnastique,haut du corps
Ring Full Front Lever Pull Up,avancé,dos,anneaux de gymnastique,haut du corps
Ring Row Feet Elevated,intermédiaire,dos,anneaux de gymnastique,haut du corps
Ring Bulgarian Row Feet Elevated,intermédiaire,dos,anneaux de gymnastique,haut du corps
Ring L Sit Pull Up,avancé,dos,anneaux de gymnastique,haut du corps
Ring Bulgarian Pull Up,avancé,dos,anneaux de gymnastique,haut du corps
Ring Bulgarian L Sit Pull Up,avancé,dos,anneaux de gymnastique,haut du corps
Ring Plank,débutant,abdominaux,anneaux de gymnastique,sangle abdominale
Single Arm Ring Plank,intermédiaire,abdominaux,anneaux de gymnastique,sangle abdominale
Ring Push Up,intermédiaire,pectoraux,anneaux de gymnastique,haut du corps
Single Arm Ring Push Up,intermédiaire,pectoraux,anneaux de gymnastique,haut du corps
Ring Support Hold,intermédiaire,abdominaux,anneaux de gymnastique,
Ring Side Plank,avancé,abdominaux,anneaux de gymnastique,sangle abdominale
Ring L Sit Muscle Up,intermédiaire,dos,anneaux de gymnastique,haut du corps
Ring Strict Muscle Up,intermédiaire,dos,anneaux de gymnastique,haut du corps
Ring Chest Fly,intermédiaire,pectoraux,anneaux de gymnastique,haut du corps
Single Arm Barbell Bicep Curl,avancé,biceps,Barbell,haut du corps
Bodyweight Hollow Rock ,intermédiaire,abdominaux,Bodyweight,sangle abdominale
Single Arm Dumbbell Power Snatch,intermédiaire,fessiers,Dumbbell,corps entier
Alternating Single Arm Dumbbell Power Snatch,intermédiaire,fessiers,Dumbbell,corps entier
Single Arm Dumbbell Squat Snatch,intermédiaire,fessiers,Dumbbell,corps entier
Alternating Single Arm Dumbbell Squat Snatch,intermédiaire,fessiers,Dumbbell,corps entier
Single Arm Cable Single Leg Romanian Deadlift,intermédiaire,ischio-jambiers,Cable,bas du corps
Double Kettlebell Single Leg Romanian Deadlift ,intermédiaire,ischio-jambiers,Kettlebell,bas du corps
Double Kettlebell Romanian Deadlift ,débutant,ischio-jambiers,Kettlebell,bas du corps
Single Arm Kettlebell Contralateral Single Leg Romanian Deadlift,intermédiaire,ischio-jambiers,Kettlebell,bas du corps
Cable Wide Grip Lat Pulldown,débutant,dos,Cable,haut du corps
Cable Reverse Grip Lat Pulldown,débutant,dos,Cable,haut du corps
Cable Seated V Grip Lat Pulldown,débutant,dos,Cable,haut du corps
Cable Half Kneeling Face Pull,débutant,épaules,Cable,haut du corps
Double Dumbbell Seated Good Morning,débutant,dos,Dumbbell,
Bodyweight Hip Thrust,débutant,fessiers,Bodyweight,bas du corps
Single Arm Kettlebell Bottoms Up Overhead Squat,intermédiaire,quadriceps,Kettlebell,bas du corps
Single Arm Dumbbell Bench Press,débutant,pectoraux,Dumbbell,haut du corps
Double Dumbbell Bench Press,débutant,pectoraux,Dumbbell,haut du corps
Double Dumbbell Incline Bench Press,débutant,pectoraux,Dumbbell,haut du corps
Stability Ball Dumbbell W Raise,débutant,épaules,Stability Ball,haut du corps
Double Kettlebell Z Press,débutant,épaules,Kettlebell,haut du corps
Double Kettlebell Clean,intermédiaire,fessiers,Kettlebell,corps entier
Double Kettlebell Snatch,intermédiaire,fessiers,Kettlebell,corps entier
Double Kettlebell Push Press,débutant,épaules,Kettlebell,haut du corps
Double Kettlebell Split Jerk,intermédiaire,épaules,Kettlebell,corps entier
Double Kettlebell Clean and Jerk,intermédiaire,fessiers,Kettlebell,corps entier
Double Kettlebell High Pull,intermédiaire,épaules,Kettlebell,corps entier
Double Kettlebell Sumo Deadlift,débutant,dos,Kettlebell,corps entier
Double Kettlebell Bent Over Row,débutant,dos,Kettlebell,haut du corps
Double Kettlebell Bottoms Up Front Rack Squat,intermédiaire,quadriceps,Kettlebell,bas du corps
Double Kettlebell Front Rack Knee Over Toes Split Squat,débutant,quadriceps,Kettlebell,bas du corps
Double Kettlebell Thruster,débutant,épaules,Kettlebell,corps entier
Double Kettlebell Bottoms Up Front Rack Alternating Cossack Squat,intermédiaire,quadriceps,Kettlebell,bas du corps
Double Kettlebell Tall Kneeling Overhead Press,débutant,épaules,Kettlebell,haut du corps
Double Kettlebell Front Rack Walking Lunge,débutant,quadriceps,Kettlebell,bas du corps
Double Kettlebell Overhead Walking Lunge,avancé,quadriceps,Kettlebell,bas du corps
Alternating Double Kettlebell Sots Press,débutant,épaules,Kettlebell,haut du corps
Double Kettlebell Shrug,débutant,Trapezius ,Kettlebell,haut du corps
Double Kettlebell Hang Squat Clean,intermédiaire,fessiers,Kettlebell,corps entier
Double Kettlebell Hollow Hold,intermédiaire,abdominaux,Kettlebell,sangle abdominale
Double Kettlebell Hollow Hold With Flutter Kick,intermédiaire,abdominaux,Kettlebell,sangle abdominale
Double Kettlebell Dead Clean to Push Press,intermédiaire,épaules,Kettlebell,corps entier
Double Kettlebell Pendlay Row,débutant,dos,Kettlebell,haut du corps
Double Kettlebell Front Rack Split Squat,débutant,quadriceps,Kettlebell,bas du corps
Double Kettlebell Front Rack Bulgarian Split Squat,intermédiaire,quadriceps,Kettlebell,bas du corps
Double Kettlebell Overhead Squat,intermédiaire,quadriceps,Kettlebell,bas du corps
Double Kettlebell Half Kneeling Overhead Press,débutant,épaules,Kettlebell,haut du corps
Double Kettlebell Front Rack Cyclist Squat,débutant,quadriceps,Kettlebell,bas du corps
Double Kettlebell Front Rack Reverse Lunge,débutant,quadriceps,Kettlebell,bas du corps
Double Kettlebell Front Rack Box Step Up,débutant,quadriceps,Kettlebell,bas du corps
Single Arm Kettlebell Dead Clean to Rotational Overhead Press,intermédiaire,épaules,Kettlebell,corps entier
Single Arm Kettlebell Rotational Overhead Press,intermédiaire,épaules,Kettlebell,haut du corps
Single Arm Kettlebell Sumo Deadlift,débutant,fessiers,Kettlebell,corps entier
Single Arm Kettlebell Push Press,débutant,épaules,Kettlebell,haut du corps
Single Arm Kettlebell Push Jerk,débutant,épaules,Kettlebell,haut du corps
Single Arm Kettlebell Seated Overhead Press,débutant,épaules,Kettlebell,haut du corps
Single Arm Kettlebell Z Press,intermédiaire,épaules,Kettlebell,haut du corps
Single Arm Kettlebell Contralateral Split Squat Thruster,intermédiaire,épaules,Kettlebell,corps entier
Kettlebell Swing,débutant,fessiers,Kettlebell,corps entier
Alternating Single Arm Kettlebell Swing,intermédiaire,fessiers,Kettlebell,corps entier
Alternating Single Arm Kettlebell Clean,intermédiaire,fessiers,Kettlebell,corps entier
Alternating Single Arm Kettlebell Snatch,intermédiaire,fessiers,Kettlebell,corps entier
Single Arm Kettlebell Sots Press,intermédiaire,épaules,Kettlebell,haut du corps
Single Arm Kettlebell Staggered Stance Swing,intermédiaire,fessiers,Kettlebell,corps entier
Alternating Single Arm Kettlebell Staggered Stance Swing,intermédiaire,fessiers,Kettlebell,corps entier
Single Arm Kettlebell Half Kneeling Swing,intermédiaire,fessiers,Kettlebell,corps entier
Double Kettlebell Outside Swing,débutant,fessiers,Kettlebell,corps entier
Double Kettlebell Outside Snatch,intermédiaire,fessiers,Kettlebell,corps entier
Double Kettlebell Outside Clean,intermédiaire,fessiers,Kettlebell,corps entier
Single Arm Kettlebell Side Swing,intermédiaire,abdominaux,Kettlebell,corps entier
Parallette Push Up With Alternating Shoulder Taps,intermédiaire,pectoraux,barres parallèles,haut du corps
Parallette Tuck Planche,avancé,abdominaux,barres parallèles,sangle abdominale
Parallette Dive Bomber Push Up,intermédiaire,pectoraux,barres parallèles,haut du corps
Bodyweight Dive Bomber Push Up,intermédiaire,pectoraux,Bodyweight,haut du corps
Parallette L Sit to Tuck Planche,intermédiaire,abdominaux,barres parallèles,sangle abdominale
Double Dumbbell Prone Row,débutant,dos,Dumbbell,haut du corps
Landmine Standing Oblique Twist,intermédiaire,abdominaux,landmine,sangle abdominale
Cable Tall Kneeling High to Low Chop,intermédiaire,abdominaux,Cable,sangle abdominale
Single Arm Parallette Plank,intermédiaire,abdominaux,barres parallèles,sangle abdominale
Single Arm Suspension Plank,intermédiaire,abdominaux,sangles de suspension,sangle abdominale
Battle Rope Russian Twist,débutant,abdominaux,cordes ondulatoires,sangle abdominale
Bodyweight Bird Dog Knee to Elbow,débutant,abdominaux,Bodyweight,sangle abdominale
Slam Ball Russian Twist Feet Elevated,intermédiaire,abdominaux,slam ball,sangle abdominale
Medicine Ball Russian Twist Feet Elevated,débutant,abdominaux,medecine ball,sangle abdominale
Kettlebell Feet Elevated Russian Twist,débutant,abdominaux,Kettlebell,sangle abdominale
Parallette Plank Alternating Knee to Elbow,débutant,abdominaux,barres parallèles,sangle abdominale
Bodyweight Forearm Plank Knee to Elbow,intermédiaire,abdominaux,Bodyweight,sangle abdominale
Bodyweight Loaded Beast to Alternating Kick Through,intermédiaire,abdominaux,Bodyweight,sangle abdominale
Ring False Grip Pull Up,avancé,dos,anneaux de gymnastique,haut du corps
Single Arm Kettlebell Clean to Press Windmill,avancé,abdominaux,Kettlebell,corps entier
Single Arm Kettlebell Half Kneeling Windmill,avancé,abdominaux,Kettlebell,sangle abdominale
Battle Rope Russian Twist Feet Elevated,intermédiaire,abdominaux,cordes ondulatoires,sangle abdominale
Superband Dead Bug,débutant,abdominaux,super élastique,sangle abdominale
Parallette V Sit,intermédiaire,abdominaux,barres parallèles,sangle abdominale
Parallette Tuck V Sit,intermédiaire,abdominaux,barres parallèles,sangle abdominale
Barbell Staggered Stance Push Press,intermédiaire,épaules,Barbell,haut du corps
Double Kettlebell Front Rack Skater Squat,intermédiaire,quadriceps,Kettlebell,bas du corps
Kettlebell Goblet Skater Squat,avancé,quadriceps,Kettlebell,bas du corps
Double Kettlebell Front Rack Box Pistol Squat,intermédiaire,quadriceps,Kettlebell,bas du corps
Double Kettlebell Front Rack Pistol Squat,avancé,quadriceps,Kettlebell,bas du corps
Double Kettlebell Overhead Alternating Reverse Lunge,intermédiaire,quadriceps,Kettlebell,bas du corps
Superband Standing Pallof Press,débutant,abdominaux,super élastique,sangle abdominale
Superband Half Kneeling Pallof Press,débutant,abdominaux,super élastique,sangle abdominale
Superband Hip External Rotation (90 Degree),débutant,fessiers,super élastique,bas du corps
Barbell Prone Row,débutant,dos,Barbell,haut du corps
Double Dumbbell Renegade Row Push Up,intermédiaire,dos,Dumbbell,haut du corps
Single Arm Landmine Row to Rotational Press,intermédiaire,épaules,landmine,corps entier
Bodyweight Hand Assisted Skater Squat,débutant,quadriceps,Bodyweight,bas du corps
Superband Pull Through,débutant,fessiers,super élastique,bas du corps
Miniband Quadruped Hip Extension,débutant,fessiers,mini élastique,bas du corps
Cable Hip Adduction,débutant,adducteurs,Cable,bas du corps
Superband Tall Kneeling Pallof Press,débutant,abdominaux,super élastique,sangle abdominale
Slider Eccentric Hamstring Curl,débutant,ischio-jambiers,disques de glisse,bas du corps
Landmine Low Hold Lateral Lunge,débutant,quadriceps,landmine,bas du corps
Double Kettlebell Renegade Row ,intermédiaire,dos,Kettlebell,haut du corps
Single Arm Dumbbell Cuban Press,débutant,épaules,Dumbbell,haut du corps
Barbell Supinated Shoulder Front Raise,intermédiaire,épaules,Barbell,haut du corps
Ring Pike Feet Elevated Handstand Push Up,avancé,épaules,anneaux de gymnastique,haut du corps
Parallette Straddle Press to Handstand,intermédiaire,épaules,barres parallèles,haut du corps
Ring L Sit,avancé,abdominaux,anneaux de gymnastique,sangle abdominale
Ring Tuck Back Lever With Alternating Single Leg Extensions,avancé,abdominaux,anneaux de gymnastique,haut du corps
Ring Tuck Front Lever With Alternating Single Leg Extensions,avancé,abdominaux,anneaux de gymnastique,haut du corps
Single Arm Kettlebell Hollow Body Hold With Flutter Kicks,intermédiaire,abdominaux,Kettlebell,sangle abdominale
Single Arm Kettlebell Front Rack Cyclist Squat,débutant,quadriceps,Kettlebell,bas du corps
Barbell Back Rack Cyclist Squat,intermédiaire,quadriceps,Barbell,bas du corps
Inverted Crunch With Gravity Boots,avancé,abdominaux,Bodyweight,sangle abdominale
Double Kettlebell Renegade Row Push Up,intermédiaire,dos,Kettlebell,haut du corps
Single Arm Kettlebell Bird Dog Row,intermédiaire,dos,Kettlebell,haut du corps
Barbell Back Rack Box Step Up,intermédiaire,quadriceps,Barbell,bas du corps
Barbell Front Rack Box Step Up,intermédiaire,quadriceps,Barbell,bas du corps
Barbell Standing Rollout,avancé,abdominaux,Barbell,sangle abdominale
Stability Ball Cable Russian Twist,débutant,abdominaux,Stability Ball,sangle abdominale
Miniband Frog Pump,débutant,fessiers,mini élastique,bas du corps
Bodyweight Fire Hydrant,débutant,fessiers,Bodyweight,bas du corps
Bodyweight Knee Hover Quadruped Fire Hydrant,intermédiaire,fessiers,Bodyweight,bas du corps
Barbell Seated Reverse Wrist Curl,intermédiaire,avant-bras,Barbell,haut du corps
Bodyweight Seated Wall Angels,débutant,épaules,Bodyweight,haut du corps
Bodyweight Bent Knee Copenhagen Plank Side Raise,intermédiaire,adducteurs,Bodyweight,bas du corps
Bodyweight Kneeling Side Plank,débutant,abdominaux,Bodyweight,sangle abdominale
Bodyweight Hand Assisted Hip Airplane,débutant,fessiers,Bodyweight,bas du corps
Superband Single Leg Ankle Dorsiflexion,débutant,,super élastique,bas du corps
Barbell Zercher Squat,avancé,quadriceps,Barbell,bas du corps
Barbell Squat Snatch,intermédiaire,fessiers,Barbell,corps entier
Barbell Push Jerk,intermédiaire,fessiers,Barbell,corps entier
Barbell Clean and Jerk,intermédiaire,fessiers,Barbell,corps entier
Barbell Incline Bench Press,débutant,pectoraux,Barbell,haut du corps
Barbell Hang Squat Clean Thruster,avancé,épaules,Barbell,corps entier
Barbell Squat Clean Thruster,avancé,épaules,Barbell,corps entier
Bodyweight Copenhagen Plank,débutant,adducteurs,Bodyweight,bas du corps
Bodyweight Bent Knee Copenhagen Plank,débutant,adducteurs,Bodyweight,bas du corps
Miniband Single Leg Hip Thrust,débutant,fessiers,mini élastique,bas du corps
Barbell Deficit Snatch Grip Deadlift,intermédiaire,dos,Barbell,corps entier
Single Arm Ring Eccentric Chin Up ,intermédiaire,biceps,anneaux de gymnastique,haut du corps
Bodyweight Hand Assisted Foot Elevated Knee Over Toes Split Squat,débutant,quadriceps,Bodyweight,bas du corps
Bodyweight Foot Elevated Knee Over Toes Split Squat,débutant,quadriceps,Bodyweight,bas du corps
Double Kettlebell Clean to Overhead Press,intermédiaire,épaules,Kettlebell,corps entier
Single Arm Kettlebell Bent Leg Windmill,intermédiaire,abdominaux,Kettlebell,sangle abdominale
Kettlebell Alternating Halo to Goblet Squat,intermédiaire,épaules,Kettlebell,corps entier
Single Arm Kettlebell Half Kneeling Overhead Press,intermédiaire,épaules,Kettlebell,haut du corps
Double Kettlebell Seesaw Press,débutant,épaules,Kettlebell,haut du corps
Single Arm Kettlebell Side to Side Swing,intermédiaire,abdominaux,Kettlebell,corps entier
Single Arm Kettlebell Half Kneeling Clean to Side Press,avancé,épaules,Kettlebell,haut du corps
Parallette Handstand,intermédiaire,épaules,barres parallèles,haut du corps
Parallette L Sit to Handstand,intermédiaire,épaules,barres parallèles,
Ring Straddle L Sit,intermédiaire,abdominaux,anneaux de gymnastique,
Parallette Stalder Press to Handstand,avancé,épaules,barres parallèles,haut du corps
Ring Gironda Sternum Chin Up,intermédiaire,biceps,anneaux de gymnastique,haut du corps
Ring Archer Push Up,avancé,pectoraux,anneaux de gymnastique,haut du corps
Single Arm Ring Chin Up,avancé,biceps,anneaux de gymnastique,haut du corps
Double Dumbbell Incline Bench Prone Y Raise,débutant,épaules,Dumbbell,haut du corps
Suspension Face Pull to Overhead Press,débutant,épaules,sangles de suspension,haut du corps
Superband Assisted Muscle Up,avancé,dos,super élastique,haut du corps
Stability Ball Sit Up,débutant,abdominaux,Stability Ball,sangle abdominale
Single Arm Kettlebell Bottoms Up Turkish Get Up,avancé,abdominaux,Kettlebell,corps entier
Single Arm Kettlebell Thruster,intermédiaire,épaules,Kettlebell,corps entier
Alternating Double Kettlebell Thruster,intermédiaire,épaules,Kettlebell,corps entier
Ring Scapular Pull Up,intermédiaire,dos,anneaux de gymnastique,haut du corps
Bodyweight Side Lying Hip Adduction,débutant,adducteurs,Bodyweight,bas du corps
Superband Hollow Body Hold,intermédiaire,abdominaux,super élastique,sangle abdominale
Suspension Y Raise,débutant,épaules,sangles de suspension,haut du corps
Slider Single Leg Eccentric Hamstring Curl ,intermédiaire,ischio-jambiers,disques de glisse,bas du corps
Barbell Reverse Grip Bench Press,intermédiaire,pectoraux,Barbell,haut du corps
Double Dumbbell Reverse Grip Bench Press,débutant,pectoraux,Dumbbell,haut du corps
Side Plank Superband Hanging Adduction,intermédiaire,adducteurs,super élastique,bas du corps
Single Arm Cable Seated Floor Lat Pulldown,débutant,dos,Cable,haut du corps
Single Arm Resistance Band Half Kneeling Cuban Press,débutant,épaules,Resistance Band,haut du corps
Stability Ball Feet Elevated Frog Pump,débutant,fessiers,Stability Ball,bas du corps
Single Arm Kettlebell Bottoms Up Clean to Overhead Press,intermédiaire,épaules,Kettlebell,corps entier
Barbell Front Rack Cyclist Squat,intermédiaire,quadriceps,Barbell,bas du corps
Single Arm Kettlebell Overhead Cyclist Squat,intermédiaire,quadriceps,Kettlebell,bas du corps
Double Dumbbell Cuban Press,débutant,épaules,Dumbbell,haut du corps
Single Arm Kettlebell Tactical Snatch,avancé,fessiers,Kettlebell,corps entier
Alternating Single Arm Landmine Thruster,intermédiaire,épaules,landmine,corps entier
Single Arm Dumbbell Cyclist Thruster,intermédiaire,épaules,Dumbbell,corps entier
Single Arm Kettlebell Snatch to Overhead Reverse Lunge,avancé,quadriceps,Kettlebell,corps entier
Single Arm Kettlebell Clean to Front Rack Reverse Lunge,avancé,quadriceps,Kettlebell,corps entier
Double Kettlebell Clean to Front Rack Reverse Lunge,intermédiaire,quadriceps,Kettlebell,corps entier
Single Arm Kettlebell Split Jerk,avancé,quadriceps,Kettlebell,corps entier
Alternating Single Arm Kettlebell Split Jerk,avancé,quadriceps,Kettlebell,corps entier
Double Kettlebell Bottoms Up Overhead Squat,avancé,quadriceps,Kettlebell,bas du corps
Double Kettlebell Bottoms Up Thruster,intermédiaire,épaules,Kettlebell,corps entier
Single Arm Kettlebell Bottoms Up Z Press,intermédiaire,épaules,Kettlebell,haut du corps
Double Kettlebell Bottoms Up Z Press,intermédiaire,épaules,Kettlebell,haut du corps
Double Kettlebell Sots Press,intermédiaire,épaules,Kettlebell,haut du corps
Alternating Double Kettlebell Sots Press,intermédiaire,épaules,Kettlebell,haut du corps
Double Kettlebell Seesaw Sots Press,intermédiaire,épaules,Kettlebell,haut du corps
Alternating Double Kettlebell Z Press,débutant,épaules,Kettlebell,haut du corps
Double Kettlebell Seesaw Z Press,débutant,épaules,Kettlebell,haut du corps
Double Kettlebell Bottoms Up Seesaw Press,intermédiaire,épaules,Kettlebell,haut du corps
Double Kettlebell Bottoms Up Snatch,avancé,fessiers,Kettlebell,corps entier
Alternating Single Arm Kettlebell Around the World High Catch,intermédiaire,abdominaux,Kettlebell,
Single Arm Kettlebell Around the World,débutant,abdominaux,Kettlebell,
Alternating Single Arm Kettlebell Around the World,débutant,abdominaux,Kettlebell,
Single Arm Kettlebell Tall Kneeling Around the World,débutant,abdominaux,Kettlebell,
Single Arm Kettlebell Waiter Clean,avancé,fessiers,Kettlebell,corps entier
Single Arm Kettlebell Waiter Clean Hot Potato,avancé,fessiers,Kettlebell,corps entier
Alternating Single Arm Kettlebell Waiter Clean,avancé,fessiers,Kettlebell,corps entier
Double Kettlebell Waiter Clean,avancé,fessiers,Kettlebell,corps entier
Double Kettlebell Waiter Clean to Overhead Press,avancé,fessiers,Kettlebell,corps entier
Double Kettlebell Waiter Clean to Alternating Overhead Press,avancé,fessiers,Kettlebell,corps entier
Double Kettlebell Waiter Clean to Thruster,avancé,épaules,Kettlebell,corps entier
Kettlebell Start Stop Swing,débutant,fessiers,Kettlebell,corps entier
Double Kettlebell Dead Clean,intermédiaire,fessiers,Kettlebell,corps entier
Single Arm Kettlebell Half Kneeling Side Press,intermédiaire,épaules,Kettlebell,haut du corps
Single Arm Kettlebell Bottoms Up Thruster,intermédiaire,épaules,Kettlebell,corps entier
Single Arm Kettlebell Dead Clean,intermédiaire,fessiers,Kettlebell,corps entier
Alternating Single Arm Kettlebell Dead Clean,intermédiaire,fessiers,Kettlebell,corps entier
Double Kettlebell Push Up to L Sit,intermédiaire,pectoraux,Kettlebell,haut du corps
Parallette Push Up to L Sit,avancé,pectoraux,barres parallèles,haut du corps
Single Arm Kettlebell Bottoms Up Half Kneeling Windmill,avancé,abdominaux,Kettlebell,sangle abdominale
Single Arm Kettlebell Bent Press,intermédiaire,épaules,Kettlebell,
Single Arm Barbell Bent Press,avancé,épaules,Barbell,haut du corps
Single Arm Kettlebell Cossack Squat Thruster,intermédiaire,épaules,Kettlebell,corps entier
Double Kettlebell Cossack Squat Thruster,intermédiaire,épaules,Kettlebell,corps entier
Double Kettlebell Bottoms Up Front Rack Pistol Squat,intermédiaire,quadriceps,Kettlebell,bas du corps
Bodyweight Standing Wall Angels,débutant,épaules,Bodyweight,haut du corps
Double Kettlebell Clean to Sots Press,intermédiaire,épaules,Kettlebell,corps entier
Plate Lu Raise,débutant,épaules,disque de poids,haut du corps
Single Arm Plate Windmill,avancé,abdominaux,disque de poids,sangle abdominale
Single Arm Plate Turkish Get Up,avancé,abdominaux,disque de poids,corps entier
Plate Steering Wheel,débutant,épaules,disque de poids,haut du corps
Kettlebell Half Kneeling Alternating Halo,débutant,épaules,Kettlebell,haut du corps
Kettlebell Tall Kneeling Alternating Halo,débutant,épaules,Kettlebell,haut du corps
Kettlebell Tall Kneeling Alternating Hip to Halo,débutant,épaules,Kettlebell,haut du corps
Double Kettlebell Clean to Thruster,intermédiaire,épaules,Kettlebell,corps entier
Suspension Reverse Fly,débutant,épaules,sangles de suspension,haut du corps
Single Arm Kettlebell Bottoms Up Single Leg Standing Bent Knee Contralateral Overhead Press,avancé,épaules,Kettlebell,haut du corps
Single Arm Kettlebell Suitcase Contralateral Bulgarian Split Squat,intermédiaire,quadriceps,Kettlebell,bas du corps
Single Arm Kettlebell Suitcase Ipsilateral Bulgarian Split Squat,intermédiaire,quadriceps,Kettlebell,bas du corps
Double Kettlebell Suitcase Bulgarian Split Squat,intermédiaire,quadriceps,Kettlebell,bas du corps
Single Arm Kettlebell Bottoms Up Front Rack Contralateral Bulgarian Split Squat,intermédiaire,quadriceps,Kettlebell,bas du corps
Single Arm Kettlebell Front Rack Contralateral Bulgarian Split Squat,intermédiaire,quadriceps,Kettlebell,bas du corps
Single Arm Kettlebell Bottoms Up Front Rack Ipsilateral Bulgarian Split Squat,intermédiaire,quadriceps,Kettlebell,bas du corps
Single Arm Kettlebell Front Rack Ipsilateral Bulgarian Split Squat,intermédiaire,quadriceps,Kettlebell,bas du corps
Suspension Cuban Press,débutant,épaules,sangles de suspension,haut du corps
Double Kettlebell Turkish Get Up,avancé,abdominaux,Kettlebell,corps entier
Bodyweight Windmill,débutant,abdominaux,Bodyweight,sangle abdominale
Double Kettlebell Snatch to Overhead Squat,avancé,quadriceps,Kettlebell,corps entier
Single Arm Kettlebell Half Kneeling Clean,intermédiaire,fessiers,Kettlebell,corps entier
Single Arm Kettlebell Half Kneeling Snatch,intermédiaire,fessiers,Kettlebell,corps entier
Double Kettlebell Front Rack Alternating Curtsy Lunge,intermédiaire,quadriceps,Kettlebell,bas du corps
Bodyweight Single Arm Contralateral Single Leg Push Up,intermédiaire,pectoraux,Bodyweight,haut du corps
Double Kettlebell Dead Squat Clean,intermédiaire,quadriceps,Kettlebell,corps entier
Single Arm Kettlebell Dead Squat Clean,intermédiaire,quadriceps,Kettlebell,corps entier
Ring Kneeling Rollout,intermédiaire,abdominaux,anneaux de gymnastique,sangle abdominale
Ring Standing Rollout,avancé,abdominaux,anneaux de gymnastique,sangle abdominale
Ring Alternating Single Arm Reach Push Up,avancé,pectoraux,anneaux de gymnastique,haut du corps
Ring L Sit Dips,avancé,triceps,anneaux de gymnastique,haut du corps
Kettlebell Goblet Cyclist Squat,débutant,quadriceps,Kettlebell,bas du corps
Single Arm Kettlebell Bottoms Up Front Rack Cyclist Squat,intermédiaire,quadriceps,Kettlebell,bas du corps
Double Kettlebell Dead Clean to Overhead Press,intermédiaire,épaules,Kettlebell,corps entier
Double Kettlebell Dead Clean to Thruster,intermédiaire,épaules,Kettlebell,corps entier
Single Arm Kettlebell Dead Snatch,intermédiaire,fessiers,Kettlebell,corps entier
Alternating Single Arm Kettlebell Dead Snatch,intermédiaire,fessiers,Kettlebell,corps entier
Double Kettlebell Dead Snatch,intermédiaire,fessiers,Kettlebell,corps entier
Barbell Decline Bench Press,débutant,pectoraux,Barbell,haut du corps
Bodyweight Hand Assisted Bulgarian Split Squat,débutant,quadriceps,Bodyweight,bas du corps
Bodyweight Bulgarian Split Squat,débutant,quadriceps,Bodyweight,bas du corps
Plate Otis Up,débutant,abdominaux,disque de poids,sangle abdominale
Single Arm Kettlebell Turkish Sit Up to Z Press,intermédiaire,abdominaux,Kettlebell,sangle abdominale
Double Dumbbell Decline Bench Press,débutant,pectoraux,Dumbbell,haut du corps
Double Dumbbell Flat Bench Chest Fly,débutant,pectoraux,Dumbbell,haut du corps
Double Dumbbell Decline Bench Chest Fly,débutant,pectoraux,Dumbbell,haut du corps
Alternating Double Kettlebell Rotational Overhead Press,débutant,épaules,Kettlebell,haut du corps
Single Arm Kettlebell Rotational Thruster,débutant,épaules,Kettlebell,corps entier
Single Ring Chin Up,avancé,biceps,anneaux de gymnastique,haut du corps
Double Kettlebell Windmill,avancé,abdominaux,Kettlebell,sangle abdominale
Single Arm Plate Teacup,intermédiaire,épaules,disque de poids,haut du corps
Ring L Sit Chin Up,avancé,biceps,anneaux de gymnastique,haut du corps
Single Ring L Sit Chin Up,avancé,biceps,anneaux de gymnastique,haut du corps
Barbell Front Rack Bulgarian Split Squat,intermédiaire,quadriceps,Barbell,bas du corps
Barbell Back Rack Bulgarian Split Squat,intermédiaire,quadriceps,Barbell,bas du corps
Barbell Front Rack Alternating Curtsy Lunge,intermédiaire,quadriceps,Barbell,bas du corps
Bodyweight Dragon Flag,avancé,abdominaux,Bodyweight,sangle abdominale
Double Kettlebell Dragon Flag,intermédiaire,abdominaux,Kettlebell,sangle abdominale
Ring Iron Cross,avancé,dos,anneaux de gymnastique,haut du corps
Parallette Tuck Planche Push Up,intermédiaire,pectoraux,barres parallèles,haut du corps
Ring Inverted Iron Cross,avancé,dos,anneaux de gymnastique,
Ring Maltese Push Up,intermédiaire,pectoraux,anneaux de gymnastique,haut du corps
Ring Tuck Planche,avancé,abdominaux,anneaux de gymnastique,
Ring Tuck Planche Push Up,intermédiaire,pectoraux,anneaux de gymnastique,haut du corps
Cable Quadruped Hip Abduction,débutant,abducteurs,Cable,bas du corps
Alternating Double Kettlebell Push Press,débutant,épaules,Kettlebell,haut du corps
Barbell Turkish Sit Up,intermédiaire,abdominaux,Barbell,sangle abdominale
Plate Turkish Sit Up,intermédiaire,abdominaux,disque de poids,sangle abdominale
Barbell Seated Overhead Press,débutant,épaules,Barbell,haut du corps
Dumbbell Crush Grip Romanian Deadlift,débutant,ischio-jambiers,Dumbbell,bas du corps
Ring Pelican Curl,avancé,biceps,anneaux de gymnastique,haut du corps
Kettlebell Dead Bug,débutant,abdominaux,Kettlebell,sangle abdominale
Single Arm Kettlebell Bottoms Up Copenhagen Plank,intermédiaire,adducteurs,Kettlebell,bas du corps
Ring Chin Up,intermédiaire,biceps,anneaux de gymnastique,haut du corps
Dumbbell Crush Grip Bent Over Row,débutant,dos,Dumbbell,haut du corps
Dumbbell Crush Grip Bicep Curl to Overhead Press,débutant,épaules,Dumbbell,haut du corps
Dumbbell Crush Grip Overhead Press,débutant,épaules,Dumbbell,haut du corps
Dumbbell Crush Grip Hollow Body Hold With Flutter Kicks,intermédiaire,abdominaux,Dumbbell,sangle abdominale
Dumbbell Crush Grip Floor Chest Press,débutant,pectoraux,Dumbbell,haut du corps
Parallette Crow Pose,intermédiaire,abdominaux,barres parallèles,
Dumbbell Crush Grip Z Press,débutant,épaules,Dumbbell,haut du corps
Dumbbell Crush Grip Standing Overhead Tricep Extension,débutant,triceps,Dumbbell,haut du corps
Double Kettlebell Bottoms Up Front Rack March,intermédiaire,abdominaux,Kettlebell,sangle abdominale
Barbell Half Kneeling Overhead Press,débutant,épaules,Barbell,haut du corps
Barbell Tall Kneeling Overhead Press,débutant,épaules,Barbell,haut du corps
Single Arm Kettlebell Tactical Clean,avancé,fessiers,Kettlebell,corps entier
Barbell Overhead March,intermédiaire,abdominaux,Barbell,sangle abdominale
Bodyweight Adductor Slide,débutant,adducteurs,disques de glisse,bas du corps
Alternating Single Arm Kettlebell Ballistic Row,intermédiaire,dos,Kettlebell,haut du corps
Bodyweight Row Feet Elevated,intermédiaire,dos,Bodyweight,haut du corps
Bodyweight Row,débutant,dos,Bodyweight,haut du corps
Ring Row,débutant,dos,anneaux de gymnastique,haut du corps
Ring Bulgarian Row,débutant,dos,anneaux de gymnastique,haut du corps
Kettlebell Half Kneeling Rotational Swing,intermédiaire,abdominaux,Kettlebell,corps entier
Double Kettlebell Push Jerk,débutant,épaules,Kettlebell,haut du corps
Double Kettlebell Clean to Push Jerk,intermédiaire,épaules,Kettlebell,corps entier
Bodyweight Pseudo Planche Push Up,avancé,pectoraux,Bodyweight,haut du corps
Parallette Pseudo Planche Push Up,intermédiaire,pectoraux,barres parallèles,haut du corps
Double Kettlebell Front Rack March,débutant,abdominaux,Kettlebell,sangle abdominale
Double Kettlebell Suitcase March,débutant,abdominaux,Kettlebell,sangle abdominale
Single Arm Kettlebell Rotational Snatch,avancé,épaules,Kettlebell,corps entier
Double Dumbbell Staggered Stance Romanian Deadlift,débutant,ischio-jambiers,Dumbbell,bas du corps
Barbell Staggered Stance Romanian Deadlift,intermédiaire,ischio-jambiers,Barbell,bas du corps
Single Arm Kettlebell Contralateral Staggered Stance Romanian Deadlift,débutant,ischio-jambiers,Kettlebell,bas du corps
Ring Hanging Knees to Elbows,avancé,abdominaux,anneaux de gymnastique,sangle abdominale
Barbell Staggered Stance Overhead Press,intermédiaire,épaules,Barbell,haut du corps
Superband Assisted Nordic Hamstring Curl,intermédiaire,ischio-jambiers,super élastique,bas du corps
Kettlebell Staggered Stance Rotational Swing,intermédiaire,abdominaux,Kettlebell,corps entier
Single Arm Kettlebell Suitcase Curtsy Lunge,débutant,quadriceps,Kettlebell,bas du corps
Single Arm Kettlebell Suitcase Walking Lunge Pass Through,intermédiaire,quadriceps,Kettlebell,bas du corps
Double Kettlebell Bottoms Up Bench Press,débutant,pectoraux,Kettlebell,haut du corps
Double Kettlebell Overhead Press,débutant,épaules,Kettlebell,haut du corps
Double Kettlebell Bottoms Up Overhead Press,intermédiaire,épaules,Kettlebell,haut du corps
Double Kettlebell Suitcase Carry,débutant,avant-bras,Kettlebell,corps entier
Single Arm Kettlebell Suitcase Carry,débutant,avant-bras,Kettlebell,corps entier
Single Arm Dumbbell Suitcase Carry,débutant,avant-bras,Dumbbell,corps entier
Double Dumbbell Glute Bridge Bench Press,débutant,pectoraux,Dumbbell,
Bodyweight Foot Elevated Cossack Squat,débutant,quadriceps,Bodyweight,bas du corps
Kettlebell Goblet Foot Elevated Cossack Squat,débutant,quadriceps,Kettlebell,bas du corps
Alternating Single Arm Kettlebell Knee Hover Quadruped Pull Through,intermédiaire,abdominaux,Kettlebell,sangle abdominale
Cable Seated Floor V Grip Lat Pulldown,débutant,dos,Cable,haut du corps
Single Arm Kettlebell High Pull,intermédiaire,épaules,Kettlebell,
Double Kettlebell Suitcase Deficit Bulgarian Split Squat,avancé,quadriceps,Kettlebell,bas du corps
Double Kettlebell Suitcase Knee Over Toes Split Squat,débutant,quadriceps,Kettlebell,bas du corps
Superband Standing Adduction,débutant,adducteurs,super élastique,bas du corps
Superband Lateral Adduction Steps,débutant,adducteurs,super élastique,bas du corps
Single Arm Kettlebell Single Leg Balance Transfer,intermédiaire,abdominaux,Kettlebell,corps entier
Single Arm Kettlebell Suitcase Contralateral Knee Over Toes Split Squat,débutant,quadriceps,Kettlebell,bas du corps
Suspension Alternating Cossack Squat,débutant,quadriceps,sangles de suspension,bas du corps
Battle Rope Single Leg Balance Alternating Wave,avancé,biceps,cordes ondulatoires,haut du corps
Battle Rope Alternating Wave,débutant,biceps,cordes ondulatoires,haut du corps
Superband Assisted Dips,intermédiaire,pectoraux,super élastique,haut du corps
Cable Tall Kneeling Face Pull,débutant,épaules,Cable,haut du corps
Suspension Split Squat,débutant,quadriceps,sangles de suspension,bas du corps
Double Kettlebell Suitcase Deadlift,débutant,dos,Kettlebell,corps entier
Suspension Cyclist Squat,débutant,quadriceps,sangles de suspension,bas du corps
Cable Rope Tall Kneeling Tricep Pushdown,débutant,triceps,Cable,haut du corps
Double Kettlebell Bottoms Up Clean,intermédiaire,fessiers,Kettlebell,corps entier
Alternating Single Arm Kettlebell Feet Elevated Plank Pull Through,intermédiaire,abdominaux,Kettlebell,sangle abdominale
Bodyweight Cyclist Squat,débutant,quadriceps,Bodyweight,bas du corps
Single Arm Kettlebell Bottoms Up Clean,intermédiaire,fessiers,Kettlebell,corps entier
Slider Single Leg Hamstring Curl,avancé,ischio-jambiers,disques de glisse,bas du corps
Single Arm Suspension Cyclist Squat,débutant,quadriceps,sangles de suspension,bas du corps
Single Arm Kettlebell Split Squat Thruster,intermédiaire,épaules,Kettlebell,corps entier
Barbell Low Bar Pause Back Squat,intermédiaire,quadriceps,Barbell,bas du corps
Barbell Pause Front Squat,intermédiaire,quadriceps,Barbell,bas du corps
Barbell Overhead Pause Squat,intermédiaire,quadriceps,Barbell,bas du corps
Double Kettlebell Suitcase Alternating Reverse Lunge,débutant,quadriceps,Kettlebell,bas du corps
Alternating Single Arm Kettlebell Sumo Deadlift,débutant,fessiers,Kettlebell,corps entier
Dumbbell Goblet Cyclist Squat,débutant,quadriceps,Dumbbell,bas du corps
Barbell Overhead Alternating Cossack Squat,avancé,quadriceps,Barbell,bas du corps
Barbell Overhead Alternating Reverse Lunge,avancé,quadriceps,Barbell,bas du corps
Miniband Side Plank Hip Abduction,intermédiaire,abducteurs,mini élastique,bas du corps
Slider Double Kettlebell Suitcase Reverse Lunge,débutant,quadriceps,disques de glisse,bas du corps
Slider Double Kettlebell Front Rack Reverse Lunge,débutant,quadriceps,disques de glisse,bas du corps
Single Arm Kettlebell Suitcase March,débutant,abdominaux,Kettlebell,sangle abdominale
Single Arm Kettlebell Bottoms Up Front Rack March,intermédiaire,abdominaux,Kettlebell,sangle abdominale
Double Kettlebell Half Snatch,intermédiaire,fessiers,Kettlebell,corps entier
Single Arm Kettlebell Half Snatch,intermédiaire,épaules,Kettlebell,corps entier
Kettlebell Goblet Horse Stance Squat,débutant,quadriceps,Kettlebell,bas du corps
Barbell Front Rack Alternating Forward Lunge,intermédiaire,quadriceps,Barbell,bas du corps
Barbell Front Rack Alternating Reverse Lunge,intermédiaire,quadriceps,Barbell,bas du corps
Barbell Overhead Alternating Forward Lunge,avancé,quadriceps,Barbell,bas du corps
Macebell 360,intermédiaire,épaules,macebell,haut du corps
Single Arm Macebell 360,intermédiaire,épaules,macebell,haut du corps
Macebell 10 to 2 ,intermédiaire,épaules,macebell,haut du corps
Macebell Barbarian Squat,débutant,quadriceps,macebell,corps entier
Macebell Ballistic Curl,débutant,biceps,macebell,haut du corps
Double Indian Club Outer Heart Shaped Swing,intermédiaire,épaules,massues indiennes,haut du corps
Double Kettlebell Feet Elevated Renegade Row,avancé,dos,Kettlebell,haut du corps
Double Kettlebell Feet Elevated Renegade Row Push Up,avancé,dos,Kettlebell,haut du corps
Clubbell Shield Cast,intermédiaire,épaules,clubbell,haut du corps
Single Arm Clubbell Shield Cast,intermédiaire,épaules,clubbell,haut du corps
Alternating Double Clubbell Shield Cast,intermédiaire,épaules,clubbell,haut du corps
Single Arm Clubbell Inside Circle,intermédiaire,abdominaux,clubbell,corps entier
Double Clubbell Alternating Inside Circles,intermédiaire,abdominaux,clubbell,corps entier
Clubbell Inside Circle,intermédiaire,abdominaux,clubbell,corps entier
Double Clubbell Side Shoulder Cast,intermédiaire,épaules,clubbell,haut du corps
Double Clubbell Side Shoulder Cast to Side Flag Press,intermédiaire,épaules,clubbell,haut du corps
Clubbell Mill,intermédiaire,épaules,clubbell,haut du corps
Clubbell Inside Pendulum,intermédiaire,abdominaux,clubbell,corps entier
Double Clubbell Iron Cross,intermédiaire,épaules,clubbell,haut du corps
Clubbell Gamma Cast,intermédiaire,épaules,clubbell,haut du corps
Single Arm Clubbell Pullover,débutant,dos,clubbell,haut du corps
Double Clubbell Pullover,débutant,dos,clubbell,haut du corps
Clubbell Pullover,débutant,dos,clubbell,haut du corps
Clubbell Side Swing,intermédiaire,abdominaux,clubbell,corps entier
Single Arm Clubbell Inside Pendulum,intermédiaire,abdominaux,clubbell,corps entier
Double Clubbell Swipe,intermédiaire,fessiers,clubbell,corps entier
Single Arm Clubbell Swipe,intermédiaire,fessiers,clubbell,corps entier
Single Arm Clubbell Crossbody Swipe,intermédiaire,abdominaux,clubbell,corps entier
Single Arm Clubbell Inside Circle to Shield Cast,avancé,épaules,clubbell,corps entier
Clubbell Barbarian Squat,débutant,quadriceps,clubbell,corps entier
Single Arm Clubbell Inside Circle to Outside Circle,intermédiaire,abdominaux,clubbell,corps entier
Clubbell Side to Side Swing,intermédiaire,abdominaux,clubbell,corps entier
Double Clubbell Barbarian Squat,débutant,quadriceps,clubbell,corps entier
Single Arm Clubbell Side to Side Swing,intermédiaire,abdominaux,clubbell,corps entier
Alternating Single Arm Clubbell Side to Side Swing,avancé,abdominaux,clubbell,corps entier
Double Clubbell Side Flag Press,intermédiaire,épaules,clubbell,haut du corps
Clubbell Front Flag Press,débutant,épaules,clubbell,haut du corps
Double Clubbell Order Bulgarian Split Squat,intermédiaire,quadriceps,clubbell,bas du corps
Barbell Hang Squat Clean,avancé,quadriceps,Barbell,corps entier
Kettlebell Single Leg Standing Hip Flexion,intermédiaire,fléchisseurs hanche,Kettlebell,bas du corps
Miniband Supine Alternating Hip Flexion,débutant,fléchisseurs hanche,mini élastique,bas du corps
Double Indian Club Inner Heart Shaped Swing,intermédiaire,épaules,massues indiennes,haut du corps
Alternating Double Indian Club Inner Heart Shaped Swing,intermédiaire,épaules,massues indiennes,haut du corps
Single Arm Clubbell Barbarian Squat,débutant,quadriceps,clubbell,corps entier
Clubbell Order Cyclist Squat,débutant,quadriceps,clubbell,bas du corps
Single Arm Clubbell Order Contralateral Bulgarian Split Squat,intermédiaire,quadriceps,clubbell,bas du corps
Single Arm Clubbell Order Ipsilateral Bulgarian Split Squat,intermédiaire,quadriceps,clubbell,bas du corps
Single Arm Ring Dead Hang,débutant,dos,anneaux de gymnastique,haut du corps
Clubbell Torch Press,débutant,épaules,clubbell,haut du corps
Single Arm Clubbell Torch Press,débutant,épaules,clubbell,haut du corps
Resistance Band Shoulder Dislocates,débutant,épaules,Resistance Band,haut du corps
Suspension Reverse Grip Bicep Curl,débutant,avant-bras,sangles de suspension,haut du corps
Bulgarian Bag Side to Side Swing,intermédiaire,abdominaux,sac bulgare,corps entier
Barbell Reverse Grip Bicep Curl,intermédiaire,avant-bras,Barbell,haut du corps
Cable Straight Bar Reverse Grip Bicep Curl,débutant,avant-bras,Cable,haut du corps
Cable Straight Bar Bicep Curl,débutant,biceps,Cable,haut du corps
Double Clubbell Clean,débutant,fessiers,clubbell,corps entier
Single Arm Clubbell Reverse Mill,intermédiaire,épaules,clubbell,haut du corps
Bulgarian Bag Spin,avancé,épaules,sac bulgare,haut du corps
Bulgarian Bag Alternating Spin to Side Swing Squat,avancé,épaules,sac bulgare,corps entier
Bulgarian Bag Swipe,intermédiaire,fessiers,sac bulgare,corps entier
Bulgarian Bag Snatch,intermédiaire,fessiers,sac bulgare,corps entier
Bulgarian Bag Alternating Side Swing Squat,avancé,abdominaux,sac bulgare,corps entier
Bulgarian Bag Clean,intermédiaire,fessiers,sac bulgare,corps entier
Bulgarian Bag Swing,débutant,fessiers,sac bulgare,corps entier
Bulgarian Bag Front Rack Squat,débutant,quadriceps,sac bulgare,bas du corps
Bulgarian Bag Back Rack Squat,débutant,quadriceps,sac bulgare,bas du corps
Bulgarian Bag Swing Squat,avancé,fessiers,sac bulgare,corps entier
Bulgarian Bag Alternating Forward Lunge with Rotation,intermédiaire,quadriceps,sac bulgare,corps entier
Single Arm Clubbell Mill,intermédiaire,épaules,clubbell,haut du corps
Double Clubbell Mill,intermédiaire,épaules,clubbell,haut du corps
Single Arm Cable Reverse Grip Bicep Curl,débutant,avant-bras,Cable,haut du corps
Dumbbell Goblet Low Switch Cossack Squat,intermédiaire,quadriceps,Dumbbell,bas du corps
Kettlebell Goblet Low Switch Cossack Squat,intermédiaire,quadriceps,Kettlebell,bas du corps
Double Kettlebell Front Rack Cossack Squat,débutant,quadriceps,Kettlebell,bas du corps
Double Kettlebell Front Rack Low Switch Cossack Squat,intermédiaire,quadriceps,Kettlebell,bas du corps
Double Kettlebell Bottoms Up Front Rack Cossack Squat,intermédiaire,quadriceps,Kettlebell,bas du corps
Double Dumbbell Front Rack Cossack Squat,débutant,quadriceps,Dumbbell,bas du corps
Double Dumbbell Low Hold Alternating Cossack Squat,débutant,quadriceps,Dumbbell,bas du corps
Kettlebell Low Hold Cossack Squat,débutant,quadriceps,Kettlebell,bas du corps
Kettlebell Low Hold Alternating Cossack Squat,débutant,quadriceps,Kettlebell,bas du corps
Barbell Back Rack Cossack Squat,intermédiaire,quadriceps,Barbell,bas du corps
Landmine Goblet Cossack Squat,intermédiaire,quadriceps,landmine,bas du corps
Dumbbell Goblet Cossack Squat,débutant,quadriceps,Dumbbell,bas du corps
Dumbbell Goblet Foot Elevated Cossack Squat,intermédiaire,quadriceps,Dumbbell,bas du corps
Double Dumbbell Front Rack Foot Elevated Cossack Squat,intermédiaire,quadriceps,Dumbbell,bas du corps
Single Arm Dumbbell Front Rack Cossack Squat,débutant,quadriceps,Dumbbell,bas du corps
Dumbbell Low Hold Cossack Squat,débutant,quadriceps,Dumbbell,bas du corps
Single Arm Kettlebell Front Rack Cossack Squat,débutant,quadriceps,Kettlebell,bas du corps
Heavy Sandbag Bear Hug Carry,intermédiaire,abdominaux,sac de sable lourd,corps entier
Dumbbell Hip Thrust,débutant,fessiers,Dumbbell,bas du corps
Double Dumbbell Overhead Carry,intermédiaire,épaules,Dumbbell,corps entier
Double Kettlebell Front Rack Carry,débutant,abdominaux,Kettlebell,corps entier
Double Kettlebell Overhead Carry,intermédiaire,épaules,Kettlebell,corps entier
Double Kettlebell Bottoms Up Overhead Carry,avancé,épaules,Kettlebell,corps entier
Single Arm Kettlebell Overhead Carry,intermédiaire,épaules,Kettlebell,corps entier
Single Arm Kettlebell Bottoms Up Overhead Carry,avancé,épaules,Kettlebell,corps entier
Heavy Sandbag Shoulder Carry,intermédiaire,abdominaux,sac de sable lourd,corps entier
Double Dumbbell Front Rack Carry,débutant,abdominaux,Dumbbell,corps entier
Single Arm Dumbbell Front Rack Carry,débutant,abdominaux,Dumbbell,corps entier
Barbell Overhead Carry,avancé,épaules,Barbell,corps entier
Barbell Front Rack Carry,intermédiaire,abdominaux,Barbell,corps entier
Single Arm Kettlebell Half Kneeling Bent Press,intermédiaire,épaules,Kettlebell,
Single Arm Kettlebell Tall Kneeling Overhead Press,débutant,épaules,Kettlebell,haut du corps
Single Arm Kettlebell Bottoms Up Tall Kneeling Overhead Press,intermédiaire,épaules,Kettlebell,haut du corps
Double Kettlebell Bottoms Up Tall Kneeling Overhead Press,intermédiaire,épaules,Kettlebell,haut du corps
Alternating Double Kettlebell Tall Kneeling Overhead Press,débutant,épaules,Kettlebell,haut du corps
Alternating Double Kettlebell Half Kneeling Overhead Press,débutant,épaules,Kettlebell,haut du corps
Double Kettlebell Bottoms Up Half Kneeling Overhead Press,intermédiaire,épaules,Kettlebell,haut du corps
Double Kettlebell Tall Kneeling Seesaw Overhead Press,débutant,épaules,Kettlebell,haut du corps
Heavy Sandbag Bear Hug Squat,intermédiaire,quadriceps,sac de sable lourd,bas du corps
Heavy Sandbag Shoulder Squat,intermédiaire,quadriceps,sac de sable lourd,bas du corps
Heavy Sandbag Turkish Get Up,avancé,abdominaux,sac de sable lourd,corps entier
Heavy Sandbag Bear Hug Alternating Reverse Lunge,intermédiaire,quadriceps,sac de sable lourd,corps entier
Heavy Sandbag Shoulder Alternating Forward Lunge,intermédiaire,quadriceps,sac de sable lourd,bas du corps
Heavy Sandbag Shoulder Walking Lunge,intermédiaire,quadriceps,sac de sable lourd,bas du corps
Heavy Sandbag Shoulder Clean,intermédiaire,fessiers,sac de sable lourd,corps entier
Heavy Sandbag Over the Shoulder,intermédiaire,fessiers,sac de sable lourd,corps entier
Heavy Sandbag Alternating Over the Shoulder,intermédiaire,fessiers,sac de sable lourd,corps entier
Heavy Sandbag Bear Hug Walking Lunge,intermédiaire,quadriceps,sac de sable lourd,corps entier
Bodyweight Hand Assisted Sissy Squat,débutant,quadriceps,Bodyweight,bas du corps
Superband Sissy Squat,intermédiaire,quadriceps,super élastique,bas du corps
Double Dumbbell Front Rack Walking Lunge,débutant,quadriceps,Dumbbell,bas du corps
Single Arm Dumbbell Suitcase Walking Lunge,débutant,quadriceps,Dumbbell,bas du corps
Single Arm Dumbbell Overhead Walking Lunge,intermédiaire,quadriceps,Dumbbell,bas du corps
Single Arm Dumbbell Front Rack Walking Lunge,débutant,quadriceps,Dumbbell,bas du corps
Barbell Front Rack Walking Lunge,intermédiaire,quadriceps,Barbell,bas du corps
Double Kettlebell Suitcase Walking Lunge,débutant,quadriceps,Kettlebell,bas du corps
Single Arm Kettlebell Suitcase Walking Lunge,débutant,quadriceps,Kettlebell,bas du corps
Single Arm Kettlebell Front Rack Walking Lunge,débutant,quadriceps,Kettlebell,bas du corps
Single Arm Kettlebell Overhead Walking Lunge,intermédiaire,quadriceps,Kettlebell,bas du corps
Bodyweight Box Jumps,intermédiaire,quadriceps,Bodyweight,bas du corps
Bodyweight Lateral Box Jumps,intermédiaire,quadriceps,Bodyweight,bas du corps
Bodyweight Alternating Lateral Box Jumps,intermédiaire,quadriceps,Bodyweight,bas du corps
Bodyweight Straddle Planche,intermédiaire,abdominaux,Bodyweight,
Macebell Alternating 360 to Ballistic Curl,intermédiaire,épaules,macebell,haut du corps
Kettlebell Romanian Deadlift,débutant,ischio-jambiers,Kettlebell,bas du corps
Double Dumbbell Hammer Curl,débutant,biceps,Dumbbell,haut du corps
Single Arm Kettlebell Arm Bar,débutant,épaules,Kettlebell,haut du corps
Single Arm Kettlebell Bottoms Up Arm Bar,intermédiaire,épaules,Kettlebell,haut du corps
Single Arm Kettlebell Bottoms Up Arm Bar Rotation,intermédiaire,épaules,Kettlebell,haut du corps
Barbell Zercher Carry,avancé,abdominaux,Barbell,corps entier
Alternating Double Dumbbell Bench Press,débutant,pectoraux,Dumbbell,haut du corps
Alternating Double Dumbbell Incline Bench Press,débutant,pectoraux,Dumbbell,haut du corps
Alternating Double Dumbbell Decline Bench Press,débutant,pectoraux,Dumbbell,haut du corps
Alternating Double Dumbbell Top Down Bench Press,débutant,pectoraux,Dumbbell,haut du corps
Alternating Double Dumbbell Top Down Incline Bench Press,débutant,pectoraux,Dumbbell,haut du corps
Alternating Double Dumbbell Top Down Decline Bench Press,débutant,pectoraux,Dumbbell,haut du corps
Double Kettlebell Suitcase Box Step Up,débutant,quadriceps,Kettlebell,bas du corps
Single Arm Kettlebell Suitcase Contralateral Box Step Up,débutant,quadriceps,Kettlebell,bas du corps
Double Dumbbell Overhead Alternating Box Step Up,intermédiaire,quadriceps,Dumbbell,bas du corps
Single Arm Dumbbell Overhead Contralateral Box Step Up,intermédiaire,quadriceps,Dumbbell,bas du corps
Barbell Overhead Alternating Box Step Up,avancé,quadriceps,Barbell,bas du corps
Barbell Overhead Box Step Up,avancé,quadriceps,Barbell,bas du corps
Single Arm Dumbbell Suitcase Contralateral Box Step Up,débutant,quadriceps,Dumbbell,bas du corps
Single Arm Dumbbell Suitcase Ipsilateral Box Step Up,débutant,quadriceps,Dumbbell,bas du corps
Single Arm Dumbbell Front Rack Alternating Box Step Up,débutant,quadriceps,Dumbbell,bas du corps
Single Arm Dumbbell Front Rack Contralateral Box Step Up to Single Leg Balance,intermédiaire,quadriceps,Dumbbell,bas du corps
Single Arm Dumbbell Overhead Ipsilateral Box Step Up,intermédiaire,quadriceps,Dumbbell,bas du corps
Double Kettlebell Overhead Box Step Up,intermédiaire,quadriceps,Kettlebell,bas du corps
Bar Advanced Tuck Back Lever,avancé,abdominaux,barre de traction,
Bar Advanced Tuck Front Lever,avancé,abdominaux,barre de traction,
Bar Advanced Tuck Front Lever Pull Up,intermédiaire,dos,barre de traction,haut du corps
Bar Archer Pull Up,avancé,dos,barre de traction,haut du corps
Bar Chin Up,intermédiaire,biceps,barre de traction,haut du corps
Bar Circle Front Lever,intermédiaire,abdominaux,barre de traction,sangle abdominale
Bar Dead Hang,débutant,dos,barre de traction,haut du corps
Bar Eccentric Chin Up ,débutant,biceps,barre de traction,haut du corps
Bar Eccentric Pull Up,débutant,dos,barre de traction,haut du corps
Bar Full Back Lever,intermédiaire,abdominaux,barre de traction,
Bar Full Front Lever,intermédiaire,abdominaux,barre de traction,
Bar Gironda Sternum Chin Up,intermédiaire,biceps,barre de traction,haut du corps
Bar Half Lay Back Lever,avancé,abdominaux,barre de traction,
Bar Half Lay Front Lever,avancé,abdominaux,barre de traction,
Bar Hanging Knee Raise,intermédiaire,abdominaux,barre de traction,sangle abdominale
Bar Hanging Knees to Elbows,avancé,abdominaux,barre de traction,sangle abdominale
Bar Hanging Leg Raise Toes to Bar,avancé,abdominaux,barre de traction,sangle abdominale
Bar Hanging Oblique Knee Raise,intermédiaire,abdominaux,barre de traction,sangle abdominale
Bar Inverted Hang,avancé,abdominaux,barre de traction,
Bar L Sit Hang Flutter Kicks,intermédiaire,abdominaux,barre de traction,sangle abdominale
Bar L Sit Chin Up,avancé,biceps,barre de traction,haut du corps
Bar L Sit Pull Up,avancé,dos,barre de traction,haut du corps
Bar Pull Up,intermédiaire,dos,barre de traction,haut du corps
Bar Scapular Pull Up,intermédiaire,dos,barre de traction,haut du corps
Bar Single Leg Out Back Lever,avancé,abdominaux,barre de traction,
Bar Single Leg Out Front Lever,avancé,abdominaux,barre de traction,
Bar Skin The Cat,intermédiaire,épaules,barre de traction,haut du corps
Bar Straddle Back Lever,intermédiaire,abdominaux,barre de traction,
Bar Strict Muscle Up,intermédiaire,dos,barre de traction,haut du corps
Bar Tuck Back Lever,avancé,abdominaux,barre de traction,
Bar Tuck Front Lever,avancé,abdominaux,barre de traction,
Single Arm Bar Dead Hang,débutant,dos,barre de traction,haut du corps
Single Arm Kettlebell Front Rack Ipsilateral Pistol Squat,avancé,quadriceps,Kettlebell,bas du corps
Kettlebell Horn Grip Goblet Pistol Squat,avancé,quadriceps,Kettlebell,bas du corps
Bodyweight Alternating Box Step Up,débutant,quadriceps,Bodyweight,bas du corps
Bodyweight Box Step Up,débutant,quadriceps,Bodyweight,bas du corps
Alternating Single Arm Macebell 10 to 2,intermédiaire,épaules,macebell,haut du corps
Slider Archer Push Up,avancé,pectoraux,disques de glisse,haut du corps
Suspension Archer Push Up,avancé,pectoraux,sangles de suspension,haut du corps
Superband Chaos Push Up,avancé,pectoraux,super élastique,haut du corps
Double Kettlebell L Sit,avancé,abdominaux,Kettlebell,sangle abdominale
Double Kettlebell L Sit Lift Over,avancé,abdominaux,Kettlebell,sangle abdominale
Resistance Band Alternating Bicep Curl,débutant,biceps,Resistance Band,haut du corps
Resistance Band Bicep Curl,débutant,biceps,Resistance Band,haut du corps
Resistance Band Chest Press,débutant,pectoraux,Resistance Band,haut du corps
Resistance Band Alternating Chest Press,débutant,pectoraux,Resistance Band,haut du corps
Single Arm Kettlebell Bottoms Up Windmill,avancé,abdominaux,Kettlebell,sangle abdominale
Double Kettlebell Push Up,intermédiaire,pectoraux,Kettlebell,haut du corps
Clubbell Alternating Inside Pendulum,intermédiaire,abdominaux,clubbell,corps entier
Single Arm Clubbell Inside Pendulum to Outside Pendulum,intermédiaire,abdominaux,clubbell,corps entier
Clubbell Outside Pendulum,intermédiaire,abdominaux,clubbell,corps entier
Clubbell Outside Circle,intermédiaire,abdominaux,clubbell,corps entier
Single Arm Clubbell Outside Circle,intermédiaire,abdominaux,clubbell,corps entier
Double Clubbell Alternating Outside Circles,intermédiaire,abdominaux,clubbell,corps entier
Double Clubbell Alternating Symmetrical Circles,intermédiaire,abdominaux,clubbell,corps entier
Double Kettlebell Overhead March,intermédiaire,abdominaux,Kettlebell,sangle abdominale
Single Arm Kettlebell Overhead March,intermédiaire,abdominaux,Kettlebell,sangle abdominale
Barbell Snatch Balance,avancé,quadriceps,Barbell,corps entier
Double Dumbbell Suitcase March,débutant,abdominaux,Dumbbell,sangle abdominale
Single Arm Dumbbell Suitcase March,débutant,abdominaux,Dumbbell,sangle abdominale
Double Dumbbell Front Rack March,débutant,abdominaux,Dumbbell,sangle abdominale
Single Arm Dumbbell Front Rack March,débutant,abdominaux,Dumbbell,sangle abdominale
Double Dumbbell Overhead March,intermédiaire,abdominaux,Dumbbell,sangle abdominale
Single Arm Dumbbell Overhead March,intermédiaire,abdominaux,Dumbbell,sangle abdominale
Barbell Front Rack March,débutant,abdominaux,Barbell,sangle abdominale
Barbell Back Rack March,débutant,abdominaux,Barbell,sangle abdominale
Barbell Back Rack Alternating Forward Lunge,intermédiaire,quadriceps,Barbell,bas du corps
Barbell Back Rack Alternating Reverse Lunge,intermédiaire,quadriceps,Barbell,bas du corps
Double Kettlebell Suitcase Alternating Reverse Lunge,débutant,quadriceps,Kettlebell,bas du corps
Double Kettlebell Suitcase Alternating Lateral Lunge,débutant,quadriceps,Kettlebell,bas du corps
Double Kettlebell Front Rack Alternating Lateral Lunge,débutant,quadriceps,Kettlebell,bas du corps
Double Kettlebell Front Rack Alternating Forward Lunge,débutant,quadriceps,Kettlebell,bas du corps
Double Kettlebell Front Rack Alternating Reverse Lunge,débutant,quadriceps,Kettlebell,bas du corps
Double Kettlebell Overhead Alternating Forward Lunge,intermédiaire,quadriceps,Kettlebell,bas du corps
Double Kettlebell Overhead Alternating Reverse Lunge,intermédiaire,quadriceps,Kettlebell,bas du corps
Single Arm Kettlebell Suitcase Alternating Forward Lunge,débutant,quadriceps,Kettlebell,bas du corps
Single Arm Kettlebell Suitcase Alternating Reverse Lunge,débutant,quadriceps,Kettlebell,bas du corps
Single Arm Kettlebell Front Rack Alternating Lateral Lunge,débutant,quadriceps,Kettlebell,bas du corps
Single Arm Kettlebell Front Rack Alternating Forward Lunge,débutant,quadriceps,Kettlebell,bas du corps
Single Arm Kettlebell Front Rack Alternating Reverse Lunge,débutant,quadriceps,Kettlebell,bas du corps
Single Arm Kettlebell Bottoms Up Overhead Alternating Reverse Lunge,avancé,quadriceps,Kettlebell,bas du corps
Double Dumbbell Suitcase Alternating Forward Lunge,débutant,quadriceps,Dumbbell,bas du corps
Double Dumbbell Suitcase Alternating Reverse Lunge,débutant,quadriceps,Dumbbell,bas du corps
Double Dumbbell Front Rack Alternating Lateral Lunge,débutant,quadriceps,Dumbbell,bas du corps
Double Dumbbell Front Rack Alternating Forward Lunge,débutant,quadriceps,Dumbbell,bas du corps
Double Dumbbell Front Rack Alternating Reverse Lunge,débutant,quadriceps,Dumbbell,bas du corps
Double Dumbbell Overhead Alternating Forward Lunge,intermédiaire,quadriceps,Dumbbell,bas du corps
Double Dumbbell Overhead Alternating Reverse Lunge,intermédiaire,quadriceps,Dumbbell,bas du corps
Single Arm Dumbbell Suitcase Alternating Forward Lunge,débutant,quadriceps,Dumbbell,bas du corps
Single Arm Dumbbell Suitcase Alternating Reverse Lunge,débutant,quadriceps,Dumbbell,bas du corps
Single Arm Dumbbell Front Rack Alternating Forward Lunge,débutant,quadriceps,Dumbbell,bas du corps
Single Arm Dumbbell Front Rack Alternating Reverse Lunge,débutant,quadriceps,Dumbbell,bas du corps
Single Arm Dumbbell Overhead Alternating Forward Lunge,intermédiaire,quadriceps,Dumbbell,bas du corps
Single Arm Dumbbell Overhead Alternating Reverse Lunge,intermédiaire,quadriceps,Dumbbell,bas du corps
Kettlebell Goblet Alternating Lateral Lunge,débutant,quadriceps,Kettlebell,bas du corps
Kettlebell Goblet Alternating Forward Lunge,débutant,quadriceps,Kettlebell,bas du corps
Kettlebell Goblet Alternating Reverse Lunge,débutant,quadriceps,Kettlebell,bas du corps
Dumbbell Goblet Alternating Lateral Lunge,débutant,quadriceps,Dumbbell,bas du corps
Dumbbell Goblet Alternating Forward Lunge,débutant,quadriceps,Dumbbell,bas du corps
Dumbbell Goblet Alternating Reverse Lunge,débutant,quadriceps,Dumbbell,bas du corps
Landmine Goblet Alternating Lateral Lunge,débutant,quadriceps,landmine,bas du corps
Landmine Goblet Alternating Reverse Lunge,débutant,quadriceps,landmine,bas du corps
Double Dumbbell Front Rack Cyclist Squat,débutant,quadriceps,Dumbbell,bas du corps
Single Arm Dumbbell Front Rack Cyclist Squat,débutant,quadriceps,Dumbbell,bas du corps
Bodyweight Alternating Lateral Lunge,débutant,quadriceps,Bodyweight,bas du corps
Bodyweight Alternating Forward Lunge,débutant,quadriceps,Bodyweight,bas du corps
Bodyweight Alternating Reverse Lunge,débutant,quadriceps,Bodyweight,bas du corps
Double Dumbbell Overhead Squat,intermédiaire,quadriceps,Dumbbell,bas du corps
Single Arm Dumbbell Overhead Squat,intermédiaire,quadriceps,Dumbbell,bas du corps
Double Dumbbell Front Rack Bulgarian Split Squat,intermédiaire,quadriceps,Dumbbell,bas du corps
Double Dumbbell Overhead Bulgarian Split Squat,avancé,quadriceps,Dumbbell,bas du corps
Single Arm Dumbbell Suitcase Contralateral Bulgarian Split Squat,intermédiaire,quadriceps,Dumbbell,bas du corps
Single Arm Dumbbell Front Rack Contralateral Bulgarian Split Squat,intermédiaire,quadriceps,Dumbbell,bas du corps
Single Arm Dumbbell Front Rack Ipsilateral Bulgarian Split Squat,intermédiaire,quadriceps,Dumbbell,bas du corps
Suspension Alternating Lateral Lunge,débutant,quadriceps,sangles de suspension,bas du corps
Bulgarian Bag Back Rack Alternating Lateral Lunge,débutant,quadriceps,sac bulgare,bas du corps
Bulgarian Bag Back Rack Walking Lunge,débutant,quadriceps,sac bulgare,bas du corps
Bulgarian Bag Back Rack Alternating Forward Lunge,débutant,quadriceps,sac bulgare,bas du corps
Sandbag Front Rack Alternating Lateral Lunge,débutant,quadriceps,sac de sable,bas du corps
Sandbag Front Rack Walking Lunge,débutant,quadriceps,sac de sable,bas du corps
Sandbag Front Rack Alternating Forward Lunge,débutant,quadriceps,sac de sable,bas du corps
Sandbag Front Rack Alternating Reverse Lunge,débutant,quadriceps,sac de sable,bas du corps
Plate Overhead Walking Lunge,intermédiaire,quadriceps,disque de poids,bas du corps
Plate Overhead Alternating Forward Lunge,intermédiaire,quadriceps,disque de poids,bas du corps
Plate Overhead Alternating Reverse Lunge,intermédiaire,quadriceps,disque de poids,bas du corps
Bodyweight Tuck Planche,avancé,abdominaux,Bodyweight,sangle abdominale
Bodyweight Tuck Planche Push Up,intermédiaire,pectoraux,Bodyweight,haut du corps
Bodyweight Pseudo Planche Lean,intermédiaire,abdominaux,Bodyweight,haut du corps
Bar L Sit Hang,intermédiaire,abdominaux,barre de traction,sangle abdominale
Ring L Sit Hang,intermédiaire,abdominaux,anneaux de gymnastique,sangle abdominale
Single Arm Bar L Sit Hang,avancé,abdominaux,barre de traction,sangle abdominale
Single Arm Ring L Sit Hang,avancé,abdominaux,anneaux de gymnastique,sangle abdominale
Double Kettlebell L Sit Flutter Kicks,avancé,abdominaux,Kettlebell,sangle abdominale
Parallette L Sit Flutter Kicks,avancé,abdominaux,barres parallèles,sangle abdominale
Resistance Band Chest Fly,débutant,pectoraux,Resistance Band,haut du corps
Resistance Band Low Row,débutant,dos,Resistance Band,haut du corps
Resistance Band Face Pull,débutant,épaules,Resistance Band,haut du corps
Resistance Band Face Pull to Overhead Press,débutant,épaules,Resistance Band,haut du corps
Single Arm Resistance Band Low Row,débutant,dos,Resistance Band,haut du corps
Single Arm Resistance Band Chest Press,débutant,pectoraux,Resistance Band,haut du corps
Resistance Band Reverse Grip Bicep Curl,débutant,avant-bras,Resistance Band,haut du corps
Resistance Band Hammer Curl,débutant,biceps,Resistance Band,haut du corps
Resistance Band Alternating Hammer Curl,débutant,biceps,Resistance Band,haut du corps
Bodyweight L Sit,intermédiaire,abdominaux,Bodyweight,sangle abdominale
Bodyweight Single Arm L Sit,avancé,abdominaux,Bodyweight,sangle abdominale
Kettlebell Goblet Walking Lunge,débutant,quadriceps,Kettlebell,bas du corps
Kettlebell Horn Grip Alternating Lateral Lunge,débutant,quadriceps,Kettlebell,bas du corps
Kettlebell Low Hold Alternating Lateral Lunge,débutant,quadriceps,Kettlebell,bas du corps
Kettlebell Horn Grip Alternating Forward Lunge,débutant,quadriceps,Kettlebell,bas du corps
Kettlebell Horn Grip Alternating Reverse Lunge,débutant,quadriceps,Kettlebell,bas du corps
Kettlebell Horn Grip Walking Lunge,débutant,quadriceps,Kettlebell,bas du corps
Resistance Band Cuban Press,débutant,épaules,Resistance Band,haut du corps
Resistance Band Tall Kneeling Cuban Press,débutant,épaules,Resistance Band,haut du corps
Stability Ball Feet Elevated Glute Bridge,débutant,fessiers,Stability Ball,bas du corps
Bodyweight Mountain Climber,débutant,abdominaux,Bodyweight,sangle abdominale
Suspension Mountain Climber,intermédiaire,abdominaux,sangles de suspension,sangle abdominale
Bodyweight Straddle L Sit,intermédiaire,abdominaux,Bodyweight,sangle abdominale
Resistance Band Pull Apart,débutant,épaules,Resistance Band,haut du corps
Resistance Band Tall Kneeling Face Pull,débutant,épaules,Resistance Band,haut du corps
Barbell Back Rack Alternating Box Step Up,intermédiaire,quadriceps,Barbell,bas du corps
Barbell Front Rack Alternating Box Step Up,intermédiaire,quadriceps,Barbell,bas du corps
Resistance Band Overhead Press,débutant,épaules,Resistance Band,haut du corps
Resistance Band Alternating Overhead Press,débutant,épaules,Resistance Band,haut du corps
Ring Tuck L Sit,intermédiaire,abdominaux,anneaux de gymnastique,sangle abdominale
Ring Tuck L Sit Hang,intermédiaire,abdominaux,anneaux de gymnastique,sangle abdominale
Bar Tuck L Sit Hang,intermédiaire,abdominaux,barre de traction,sangle abdominale
Ring Support Mountain Climber,intermédiaire,abdominaux,anneaux de gymnastique,sangle abdominale
Ring Mountain Climber,intermédiaire,abdominaux,anneaux de gymnastique,sangle abdominale
Double Kettlebell Mountain Climber,débutant,abdominaux,Kettlebell,sangle abdominale
Alternating Double Dumbbell Overhead Press,débutant,épaules,Dumbbell,haut du corps
